Variable,Arkhangai,Dornogovi,Bayan-Ölgii,Bayankhongor,Dundgovi,Khentii,Darkhan-Uul,Dornod,Bulgan,Govi-Altai,Ömnögovi,Övörkhangai,Govisümber,Töv,Khovd,Khövsgöl,Selenge,Orkhon,Ulaanbaatar,Sükhbaatar,Uvs,Zavkhan
mean temperature - historical - annual,-2.244979754,3.673623034,-4.997822318,0.778468242,2.120689576,-1.154951168,-1.212535834,0.329177925,-1.436570139,1.769238982,5.608342403,1.366967158,0.407977764,-1.095569547,-0.244600778,-5.303541151,-1.373077077,-1.599340932,-1.783702659,0.793909076,-2.676599217,-4.250630662
mean temperature - historical - jun - aug,12.28761192,20.6689279,9.662470957,16.44717957,18.68476868,15.79066521,16.88625732,18.39439963,14.27396256,17.33467136,21.48801017,16.84307018,17.62439614,15.87491664,15.9892611,10.69484423,16.32948613,14.61286861,15.5085047,18.29425459,15.72957485,12.92060324
mean temperature - historical - nov - feb,-16.07550157,-12.68696159,-18.69277848,-14.05726489,-13.7468939,-17.40091566,-19.41459411,-16.96106679,-16.91106819,-13.12896488,-9.598810881,-13.50605832,-16.09256272,-17.50790628,-16.39927234,-20.84704229,-18.96813681,-17.29869305,-18.57272895,-16.2170568,-21.10689663,-21.08178828
mean temperature - ssp1 - 2021-2040 - annual,-0.201271045,5.627150777,-2.911131228,2.787820826,4.036814633,0.85040515,0.858030644,2.332581076,0.641389631,3.834053527,7.588281934,3.2618189,2.289270872,0.891409175,1.855773256,-3.219187318,0.709024224,0.512133739,0.259943169,2.707446319,-0.559282738,-2.163425245
mean temperature - ssp1 - 2041-2060 - annual,0.297387513,6.202944662,-2.495155209,3.308809784,4.628281245,1.472928465,1.513468087,3.016976716,1.23874665,4.37871263,8.150035629,3.821390563,2.866444549,1.500727384,2.318739034,-2.694136279,1.353758146,1.143185199,0.875108021,3.382401306,-0.099045731,-1.703743942
mean temperature - ssp1 - 2061-2080 - annual,0.40723265,6.291995633,-2.381210188,3.407063831,4.691676366,1.575360586,1.56208289,3.085984867,1.300064893,4.461315675,8.262660571,3.912450367,2.955502786,1.568995778,2.421008867,-2.579145111,1.418058844,1.186878005,0.948936431,3.4698534,0.006242341,-1.569826673
mean temperature - ssp1 - 2081-2100 - annual,0.24465724,6.059526886,-2.430374325,3.212535677,4.474183798,1.39662045,1.443384134,2.957892371,1.163247559,4.294502268,8.029768607,3.700897579,2.756106775,1.387679111,2.302880154,-2.69825711,1.291263754,1.065402708,0.757161827,3.254602992,-0.114736398,-1.718124649
mean temperature - ssp1 - 2021-2040 - jun - aug,14.76493949,23.05337026,12.01668307,18.92665738,21.1439199,18.20818605,19.36392953,20.76926675,16.75080661,19.87044755,23.90700782,19.30339382,20.04217073,18.34989344,18.50445376,13.08583462,18.78612472,17.0873933,18.00168552,20.66089386,18.17906658,15.40260169
mean temperature - ssp1 - 2041-2060 - jun - aug,15.18030509,23.61771904,12.54005453,19.48643489,21.66645037,18.66881858,19.77160934,21.26414279,17.17529963,20.4751347,24.49669206,19.82249145,20.53924061,18.80860564,19.05595775,13.5031786,19.19897363,17.5352871,18.45327975,21.20472635,18.64277751,15.84964769
mean temperature - ssp1 - 2061-2080 - jun - aug,15.28266402,23.76643267,12.61189837,19.59173311,21.76538684,18.84672022,19.84848293,21.44782785,17.26520373,20.58379322,24.63613373,19.90121616,20.7019263,18.92357916,19.13949804,13.61793877,19.29102811,17.60688598,18.57018536,21.38426874,18.73385597,15.97678792
mean temperature - ssp1 - 2081-2100 - jun - aug,15.27050849,23.47265229,12.63841392,19.45461289,21.56378299,18.66613336,19.90386498,21.24981482,17.31853424,20.49020198,24.39323838,19.76071374,20.46498749,18.82823277,19.13709948,13.65506607,19.33235277,17.69508034,18.47111785,21.07442083,18.82112945,16.01392441
mean temperature - ssp1 - 2021-2040 - nov - feb,-14.33304091,-10.98049107,-16.75805154,-12.40031908,-12.20233831,-15.62273813,-17.51842984,-15.09180541,-15.04287359,-11.33458547,-7.887810298,-12.05170885,-14.55289649,-15.8152013,-14.47383145,-18.99073981,-17.04481373,-15.32981506,-16.78705612,-14.54849535,-19.12950987,-19.1966693
mean temperature - ssp1 - 2041-2060 - nov - feb,-13.77619201,-10.37295636,-16.37941644,-11.83192409,-11.50338369,-14.92126896,-16.6891777,-14.32952449,-14.32098449,-10.77886126,-7.2630907,-11.37517301,-13.94706342,-15.09882076,-14.05514121,-18.44092373,-16.23717174,-14.57593836,-16.05374664,-13.79443327,-18.66121007,-18.73955927
mean temperature - ssp1 - 2061-2080 - nov - feb,-13.71164272,-10.43332307,-16.27840999,-11.84462934,-11.59150868,-14.87930535,-16.6996258,-14.36594647,-14.30747953,-10.77672733,-7.307544194,-11.40234385,-13.97993678,-15.1152978,-13.97560019,-18.33951742,-16.22939162,-14.58091693,-16.05164068,-13.81357707,-18.57658675,-18.66173392
mean temperature - ssp1 - 2081-2100 - nov - feb,-14.02867072,-10.67636594,-16.49371975,-12.12963505,-11.87093792,-15.11332238,-16.95394764,-14.43113923,-14.64064843,-11.07826771,-7.591062239,-11.69956995,-14.20227983,-15.40176952,-14.30245283,-18.5964321,-16.49429233,-14.8927658,-16.35698742,-14.02635327,-18.93851871,-18.9789262
mean temperature - ssp2 - 2021-2040 - annual,-0.141986049,5.802668847,-2.931218153,2.840105071,4.22357664,0.991005616,1.03489229,2.548662147,0.786356075,3.880995877,7.687815228,3.393045154,2.430161754,1.038954139,1.878115112,-3.143397314,0.879900153,0.675461048,0.418024715,2.930331975,-0.519824928,-2.135782407
mean temperature - ssp2 - 2041-2060 - annual,0.647768829,6.512059479,-2.129704736,3.621106282,4.923757331,1.791591153,1.852747532,3.368433742,1.597495834,4.688247076,8.446297726,4.131954719,3.190649518,1.847977689,2.661964575,-2.301889361,1.697278322,1.509931865,1.224326624,3.691401078,0.247459744,-1.346581895
mean temperature - ssp2 - 2061-2080 - annual,1.311884151,7.224223056,-1.375441618,4.345427054,5.644060881,2.464901585,2.536307718,4.055400883,2.277769899,5.415073233,9.188958333,4.852388492,3.888205405,2.526805762,3.420530965,-1.624563131,2.380737803,2.190930386,1.886011485,4.37763621,0.974293112,-0.62997701
mean temperature - ssp2 - 2081-2100 - annual,1.780875093,7.73901275,-0.901012081,4.804034241,6.106569883,3.031783974,3.059371183,4.608959652,2.757527912,5.912539211,9.64525176,5.290110234,4.424944873,3.06109132,3.920771706,-1.133598734,2.894999732,2.654260269,2.405802967,4.964963899,1.483867199,-0.116989707
mean temperature - ssp2 - 2021-2040 - jun - aug,14.84183236,23.13990014,12.07232874,18.95523086,21.20425594,18.32236613,19.44039588,20.9148295,16.85519318,19.92112717,23.93227266,19.35547859,20.14603549,18.45769994,18.55611731,13.13471512,18.86976971,17.19524672,18.12869478,20.80318776,18.21783586,15.46977141
mean temperature - ssp2 - 2041-2060 - jun - aug,15.71592187,23.93038845,13.05095505,19.91863929,22.06555475,19.11504299,20.29686138,21.68650903,17.7151443,20.95897853,24.83907257,20.25481618,20.9619646,19.2827597,19.58828039,14.02517061,19.72045699,18.07140532,18.9294874,21.56676556,19.1717684,16.42212369
mean temperature - ssp2 - 2061-2080 - jun - aug,16.33982208,24.65693289,13.64529219,20.62853368,22.80222239,19.66697244,20.94052271,22.19302225,18.36596477,21.61883317,25.606686,20.96466333,21.61932147,19.94702322,20.21984909,14.62322456,20.36563097,18.72147241,19.58161819,22.15460874,19.79841853,17.01621294
mean temperature - ssp2 - 2081-2100 - jun - aug,16.91421083,25.20514144,14.16333347,21.17521914,23.30153423,20.27651521,21.50554113,22.9246417,18.88746148,22.16653083,26.13602375,21.481038,22.18075416,20.48995396,20.75737674,15.17793105,20.92319969,19.22426733,20.11369908,22.84220909,20.3461122,17.58521244
mean temperature - ssp2 - 2021-2040 - nov - feb,-14.18874597,-10.66243288,-16.78488903,-12.21302942,-11.82058017,-15.45248918,-17.18700792,-14.78701183,-14.77850564,-11.18161622,-7.653300686,-11.74635542,-14.37458013,-15.56870955,-14.3998375,-18.83363087,-16.73649788,-15.03460379,-16.53573272,-14.20726326,-19.0113415,-19.13005995
mean temperature - ssp2 - 2041-2060 - nov - feb,-13.53844923,-10.08660609,-16.03988062,-11.60342652,-11.32216767,-14.66702266,-16.43018834,-13.9426613,-14.03578232,-10.52997977,-7.023685017,-11.17231998,-13.71146366,-14.81928461,-13.76539457,-18.0780358,-15.96652053,-14.24978172,-15.78127298,-13.50367135,-18.3596218,-18.4753716
mean temperature - ssp2 - 2061-2080 - nov - feb,-9.061974984,-4.926697385,-11.62348628,-6.889564089,-6.249165077,-9.463037212,-10.78255091,-8.411101179,-9.19560374,-5.864496832,-2.212469012,-6.364449082,-8.378289151,-9.650833496,-8.677802531,-13.08604862,-10.49622471,-9.371546242,-10.51723999,-8.061981591,-12.47264729,-13.08891955
mean temperature - ssp2 - 2081-2100 - nov - feb,-8.544663797,-4.408413315,-10.99430141,-6.361231516,-5.761833503,-8.857510981,-10.21125169,-7.943946295,-8.644662395,-5.234970497,-1.763686806,-5.903860441,-7.789771459,-9.057549134,-8.000364173,-12.50983673,-9.935889514,-8.841971675,-9.950621278,-7.487684742,-11.84208878,-12.46221159
mean temperature - ssp3 - 2021-2040 - annual,-0.109089107,5.621978062,-2.841610679,2.864235516,4.059440371,0.946546911,0.969910099,2.497821291,0.732063337,3.90735598,7.633473793,3.33593145,2.290207653,0.970569283,1.897183211,-3.097377381,0.821984534,0.597483679,0.367810646,2.783124859,-0.507351211,-2.086562869
mean temperature - ssp3 - 2041-2060 - annual,1.020600271,6.873986454,-1.786315113,3.976700904,5.293556804,2.166663431,2.190625964,3.68488306,1.912198616,5.026849665,8.817091668,4.492991092,3.519014277,2.184547675,3.015557196,-1.962588264,2.041516182,1.799895357,1.57415686,4.032275975,0.580932101,-0.973072886
mean temperature - ssp3 - 2061-2080 - annual,2.304479442,8.084794391,-0.503168162,5.284980153,6.496063384,3.377515297,3.490395919,4.899960489,3.190576821,6.343808548,10.04071193,5.739911536,4.738064992,3.437075252,4.302151044,-0.65334644,3.334766333,3.089517872,2.840801029,5.249346192,1.892129861,0.337415701
mean temperature - ssp3 - 2081-2100 - annual,3.635401784,9.529177019,0.852691722,6.626583305,7.917849194,4.883490794,5.016051412,6.492990458,4.610852572,7.751831709,11.44502154,7.102861082,6.1993574,4.916048445,5.733205754,0.747404892,4.845963243,4.553536014,4.32344481,6.786524367,3.312946764,1.732865261
mean temperature - ssp3 - 2021-2040 - jun - aug,14.73084546,22.91262951,12.06795457,18.89952999,21.013776,18.18397665,19.27426674,20.82726675,16.68846282,19.87183887,23.81441977,19.21596865,19.92866765,18.28261524,18.52263105,13.1101339,18.71966636,17.02015432,17.95873573,20.59969899,18.2184565,15.45620703
mean temperature - ssp3 - 2041-2060 - jun - aug,15.99782915,24.41173568,13.21562247,20.22103626,22.49553294,19.4953361,20.57437853,22.07596402,17.99154565,21.19570587,25.24817385,20.61653848,21.38006773,19.63576489,19.80340376,14.23898983,19.99946544,18.33153428,19.26226744,22.04323426,19.39503685,16.64707692
mean temperature - ssp3 - 2061-2080 - jun - aug,17.21654673,25.50491521,14.38980075,21.48175993,23.64851815,20.57819778,21.82882242,23.0386759,19.2391953,22.47148054,26.43399625,21.80192965,22.5152598,20.81362682,20.99765731,15.46908543,21.24318604,19.607184,20.435966,23.03778864,20.69219587,17.90203439
mean temperature - ssp3 - 2081-2100 - jun - aug,18.86298681,27.08430018,15.96373114,23.09160621,25.26457207,22.23102286,23.59516377,24.73981402,20.93486077,24.14641787,28.00221403,23.47868801,24.08365194,22.52607141,22.73297969,17.03759458,22.99526157,21.32599338,22.15883588,24.67039118,22.32268007,19.55256592
mean temperature - ssp3 - 2021-2040 - nov - feb,-14.1900506,-10.92197998,-16.70114429,-12.24518945,-12.10233492,-15.44410408,-17.25085196,-14.81248511,-14.8744856,-11.21715587,-7.757385478,-11.86611899,-14.54806803,-15.654579,-14.46420847,-18.8624506,-16.801168,-15.15863474,-16.57552238,-14.36137179,-19.0955975,-19.15708174
mean temperature - ssp3 - 2041-2060 - nov - feb,-12.99548806,-9.61032393,-15.53895625,-11.12307266,-10.80214333,-14.05852699,-15.85308801,-13.45155389,-13.57329992,-10.05606671,-6.586445637,-10.6898248,-13.19910363,-14.29963242,-13.23734684,-17.55426823,-15.38885192,-13.8140096,-15.19532929,-13.00257506,-17.88017644,-17.9461682
mean temperature - ssp3 - 2061-2080 - nov - feb,-11.78589074,-8.522691275,-14.27449102,-9.915342483,-9.795201899,-12.962369,-14.62614884,-12.21668602,-12.38662298,-8.810011457,-5.491715582,-9.575569729,-12.17522408,-13.17773615,-11.97225932,-16.27580805,-14.1632803,-12.61834615,-14.04418271,-11.84684992,-16.63344768,-16.65698641
mean temperature - ssp3 - 2081-2100 - nov - feb,-6.056378278,-1.794830106,-8.592671702,-3.849629236,-3.18078201,-6.176364169,-7.36004707,-5.059791233,-6.080874157,-2.728680777,0.806109833,-3.415008533,-5.223530168,-6.413363376,-5.511672177,-9.889356865,-7.10490756,-6.167722019,-7.193554815,-4.768110427,-9.273836819,-9.905218753
mean temperature - ssp5 - 2021-2040 - annual,0.008851025,5.8465695,-2.713683517,2.977182287,4.241442072,1.068963261,1.074040836,2.599383409,0.863106638,4.06860952,7.775645907,3.458844504,2.48737145,1.104026571,2.056677815,-3.000611204,0.921597012,0.735688066,0.473022189,2.946814481,-0.359158201,-1.974149563
mean temperature - ssp5 - 2041-2060 - annual,1.411065354,7.245309464,-1.403842944,4.409142633,5.655625388,2.540258529,2.624032085,4.086099595,2.302488135,5.496637279,9.250692886,4.874972804,3.889712504,2.5840193,3.45518538,-1.58832028,2.461749613,2.21417205,1.989208555,4.422233226,0.999731896,-0.568389757
mean temperature - ssp5 - 2061-2080 - annual,3.125037645,9.024703595,0.318610492,6.104291863,7.433040342,4.278943062,4.383292856,5.801092531,4.080265948,7.191411773,10.9645814,6.626498614,5.68296176,4.359593503,5.183360239,0.15908802,4.217599378,4.009896719,3.746537538,6.164948321,2.766855576,1.16074014
mean temperature - ssp5 - 2081-2100 - annual,5.252975465,11.08325286,2.49733045,8.235996324,9.492438971,6.501441475,6.654391253,8.125550256,6.259705876,9.404664067,13.02609035,8.699800717,7.82383987,6.556570054,7.400415878,2.356625668,6.484220098,6.237358339,5.94838424,8.399222813,4.928622368,3.371108398
mean temperature - ssp5 - 2021-2040 - jun - aug,14.76820239,23.20944479,12.20193051,19.02979147,21.2102604,18.2423608,19.30816908,20.85484488,16.71452576,20.05287771,24.04918267,19.33869483,20.09998221,18.35921432,18.69689799,13.09153266,18.73681339,17.03574435,18.01497406,20.77840866,18.33461213,15.51790812
mean temperature - ssp5 - 2041-2060 - jun - aug,16.40991301,24.72523281,13.71246764,20.67523126,22.86007561,19.83386419,20.98109305,22.45180523,18.39455874,21.70139164,25.66249317,20.99363366,21.68472408,19.99104223,20.30245554,14.69911164,20.40610915,18.72974912,19.63073662,22.30117864,19.90272255,17.14409087
mean temperature - ssp5 - 2061-2080 - jun - aug,18.16600008,26.44282248,15.4650445,22.48619836,24.66247979,21.55789399,22.82907405,24.03742931,20.21602437,23.49592171,27.42776129,22.84755035,23.48412667,21.82734906,22.0966359,16.38704995,22.23521586,20.58020545,21.4600379,23.95440825,21.65465961,18.85493137
mean temperature - ssp5 - 2081-2100 - jun - aug,20.36425782,28.33824901,17.58919813,24.66054587,26.68285622,23.56290154,25.11804048,26.08306667,22.48289383,25.78597361,29.44725113,24.96796347,25.43402005,23.95687105,24.38935191,18.53132298,24.51130679,22.87754989,23.57841304,25.91029894,23.94065487,21.1361714
mean temperature - ssp5 - 2021-2040 - nov - feb,-14.16487511,-10.80694097,-16.73743239,-12.27099252,-12.02606108,-15.45377341,-17.27166429,-14.84396174,-14.80891654,-11.18918533,-7.755304772,-11.87225548,-14.44250267,-15.63004023,-14.46872869,-18.83081748,-16.81102889,-15.07711151,-16.59906358,-14.36344335,-19.0688766,-19.16847248
mean temperature - ssp5 - 2041-2060 - nov - feb,-12.76699751,-9.428343602,-15.39042174,-10.85105828,-10.64928311,-13.90293521,-15.57654985,-13.24554547,-13.35217677,-9.767873285,-6.271482295,-10.46961983,-13.03991272,-14.06112443,-13.01201755,-17.39800875,-15.13724089,-13.53431725,-14.94464166,-12.77035659,-17.65799698,-17.72527694
mean temperature - ssp5 - 2061-2080 - nov - feb,-10.88585211,-7.493358622,-13.5306565,-9.166635185,-8.785370367,-11.94210824,-13.56210962,-11.22619816,-11.30674596,-8.042941996,-4.574881824,-8.664203957,-11.08815376,-12.1061481,-11.14650654,-15.34990967,-13.11425312,-11.44706552,-13.00200329,-10.85190553,-15.63642922,-15.79199881
mean temperature - ssp5 - 2081-2100 - nov - feb,-8.743390023,-5.337568125,-11.29500718,-7.039814514,-6.686562575,-9.407015374,-11.12917267,-8.4614934,-9.065527522,-5.856250532,-2.483424531,-6.582552603,-8.765961437,-9.751157531,-8.94180415,-13.01099148,-10.68549636,-9.115379054,-10.63294103,-8.263651025,-13.49364465,-13.56464023
maximum temperature - historical - annual,4.42,10.22,1.14,7.26,8.64,6.25,5.78,7.27,5.88,8.37,11.95,7.87,7.20,6.02,5.82,1.63,5.61,5.81,5.41,7.59,3.83,2.70
maximum temperature - historical - jun - aug,18.75,27.04,15.73,22.91,25.12,22.80,23.79,25.16,21.10,23.81,27.78,23.19,24.30,22.70,21.92,17.54,23.08,21.54,22.35,25.14,22.44,19.82
maximum temperature - ssp1 - 2021-2040 - annual,6.42,12.08,3.16,9.20,10.50,8.18,7.73,9.19,7.86,10.35,13.83,9.74,9.06,7.97,7.83,3.62,7.57,7.80,7.39,9.45,5.86,4.71
maximum temperature - ssp1 - 2041-2060 - annual,6.94,12.65,3.58,9.70,11.06,8.82,8.39,9.88,8.48,10.86,14.36,10.26,9.63,8.57,8.29,4.15,8.21,8.46,7.99,10.13,6.32,5.18
maximum temperature - ssp1 - 2061-2080 - annual,7.02,12.76,3.65,9.82,11.15,8.90,8.40,9.95,8.52,10.96,14.49,10.37,9.72,8.63,8.37,4.23,8.24,8.48,8.05,10.21,6.37,5.29
maximum temperature - ssp1 - 2081-2100 - annual,6.90,12.54,3.64,9.63,10.94,8.73,8.31,9.79,8.42,10.82,14.27,10.17,9.50,8.46,8.30,4.16,8.14,8.38,7.89,9.96,6.30,5.20
maximum temperature - ssp1 - 2021-2040 - jun - aug,21.35,29.38,18.25,25.43,27.58,25.27,26.34,27.54,23.64,26.37,30.15,25.72,26.75,25.26,24.53,20.06,25.62,24.06,24.93,27.49,25.00,22.44
maximum temperature - ssp1 - 2041-2060 - jun - aug,21.76,29.96,18.82,25.99,28.11,25.74,26.77,28.05,24.08,27.00,30.74,26.23,27.26,25.74,25.11,20.49,26.04,24.52,25.41,28.06,25.49,22.92
maximum temperature - ssp1 - 2061-2080 - jun - aug,21.85,30.12,18.84,26.08,28.20,25.91,26.76,28.22,24.12,27.08,30.86,26.29,27.41,25.81,25.16,20.58,26.05,24.52,25.48,28.24,25.53,23.01
maximum temperature - ssp1 - 2081-2100 - jun - aug,21.88,29.82,18.91,25.95,28.00,25.76,26.90,28.00,24.25,27.01,30.63,26.16,27.19,25.76,25.18,20.72,26.18,24.68,25.44,27.89,25.69,23.13
maximum temperature - ssp2 - 2021-2040 - annual,6.47,12.25,3.09,9.22,10.67,8.36,7.92,9.43,8.01,10.35,13.90,9.83,9.20,8.11,7.81,3.66,7.75,7.98,7.55,9.66,5.87,4.70
maximum temperature - ssp2 - 2041-2060 - annual,7.20,12.90,3.87,9.96,11.33,9.08,8.69,10.20,8.77,11.11,14.61,10.54,9.90,8.85,8.55,4.44,8.50,8.76,8.28,10.38,6.58,5.45
maximum temperature - ssp2 - 2061-2080 - annual,7.85,13.61,4.59,10.67,12.04,9.71,9.32,10.81,9.44,11.82,15.34,11.25,10.56,9.50,9.28,5.07,9.14,9.45,8.90,11.03,7.27,6.13
maximum temperature - ssp2 - 2081-2100 - annual,8.31,14.11,5.06,11.11,12.47,10.25,9.79,11.38,9.93,12.31,15.77,11.66,11.09,10.01,9.76,5.55,9.61,9.93,9.40,11.62,7.74,6.63
maximum temperature - ssp2 - 2021-2040 - jun - aug,21.44,29.49,18.30,25.45,27.66,25.45,26.48,27.80,23.80,26.42,30.17,25.77,26.89,25.41,24.58,20.12,25.76,24.24,25.11,27.69,25.05,22.51
maximum temperature - ssp2 - 2041-2060 - jun - aug,22.33,30.25,19.32,26.41,28.49,26.22,27.31,28.52,24.63,27.46,31.05,26.66,27.67,26.21,25.62,21.04,26.58,25.07,25.88,28.41,26.00,23.50
maximum temperature - ssp2 - 2061-2080 - jun - aug,22.95,30.98,19.91,27.12,29.25,26.73,27.95,28.93,25.28,28.11,31.81,27.37,28.33,26.87,26.23,21.62,27.21,25.72,26.53,28.97,26.62,24.08
maximum temperature - ssp2 - 2081-2100 - jun - aug,23.52,31.51,20.46,27.66,29.71,27.39,28.48,29.74,25.78,28.65,32.32,27.86,28.88,27.40,26.78,22.22,27.74,26.19,27.06,29.71,27.18,24.68
maximum temperature - ssp3 - 2021-2040 - annual,6.44,12.03,3.19,9.23,10.47,8.25,7.81,9.35,7.89,10.38,13.84,9.74,9.01,7.99,7.84,3.69,7.64,7.85,7.44,9.50,5.89,4.76
maximum temperature - ssp3 - 2041-2060 - annual,7.59,13.27,4.18,10.31,11.71,9.46,8.98,10.51,9.08,11.44,14.97,10.92,10.23,9.19,8.89,4.77,8.81,9.05,8.63,10.73,6.89,5.82
maximum temperature - ssp3 - 2061-2080 - annual,8.82,14.41,5.36,11.55,12.84,10.59,10.18,11.60,10.28,12.67,16.12,12.08,11.41,10.38,10.08,6.00,10.00,10.24,9.82,11.85,8.10,7.04
maximum temperature - ssp3 - 2081-2100 - annual,10.14,15.79,6.70,12.85,14.20,12.01,11.57,13.12,11.65,14.03,17.46,13.41,12.79,11.79,11.47,7.36,11.40,11.64,11.22,13.31,9.47,8.40
maximum temperature - ssp3 - 2021-2040 - jun - aug,21.18,29.17,18.23,25.33,27.38,25.20,26.19,27.62,23.45,26.32,30.00,25.53,26.57,25.11,24.49,19.99,25.47,23.88,24.82,27.40,25.00,22.43
maximum temperature - ssp3 - 2041-2060 - jun - aug,22.62,30.77,19.49,26.73,28.97,26.65,27.59,28.95,24.92,27.70,31.47,27.05,28.15,26.60,25.85,21.26,26.87,25.35,26.25,28.96,26.25,23.73
maximum temperature - ssp3 - 2061-2080 - jun - aug,23.82,31.80,20.64,27.94,30.05,27.65,28.79,29.74,26.11,28.92,32.60,28.17,29.22,27.72,26.99,22.49,28.05,26.56,27.38,29.85,27.53,24.99
maximum temperature - ssp3 - 2081-2100 - jun - aug,25.58,33.33,22.37,29.56,31.66,29.33,30.60,31.44,27.89,30.61,34.10,29.90,30.78,29.49,28.81,24.17,29.85,28.34,29.16,31.45,29.27,26.76
maximum temperature - ssp5 - 2021-2040 - annual,6.58,12.26,3.33,9.33,10.66,8.39,7.94,9.46,8.04,10.53,13.97,9.87,9.22,8.15,8.00,3.79,7.77,8.01,7.58,9.67,6.03,4.87
maximum temperature - ssp5 - 2041-2060 - annual,7.97,13.62,4.56,10.72,12.03,9.80,9.39,10.88,9.45,11.90,15.40,11.25,10.58,9.56,9.34,5.15,9.21,9.42,9.00,11.08,7.33,6.24
maximum temperature - ssp5 - 2061-2080 - annual,9.61,15.31,6.20,12.35,13.76,11.46,11.02,12.48,11.11,13.48,17.01,12.96,12.29,11.25,10.93,6.76,10.83,11.10,10.68,12.74,8.93,7.82
maximum temperature - ssp5 - 2081-2100 - annual,11.64,17.25,8.27,14.40,15.71,13.50,13.11,14.62,13.16,15.59,18.98,14.94,14.30,13.29,13.04,8.83,12.92,13.17,12.71,14.81,10.99,9.93
maximum temperature - ssp5 - 2021-2040 - jun - aug,21.27,29.55,18.44,25.48,27.63,25.31,26.25,27.67,23.53,26.53,30.29,25.70,26.80,25.25,24.72,20.02,25.53,23.95,24.93,27.64,25.17,22.54
maximum temperature - ssp5 - 2041-2060 - jun - aug,23.03,31.02,20.02,27.15,29.26,26.91,27.94,29.24,25.29,28.18,31.85,27.37,28.37,26.89,26.35,21.75,27.22,25.69,26.55,29.12,26.79,24.25
maximum temperature - ssp5 - 2061-2080 - jun - aug,24.85,32.70,21.85,28.96,31.08,28.68,29.85,30.76,27.15,29.94,33.56,29.25,30.19,28.79,28.14,23.49,29.10,27.59,28.46,30.73,28.56,25.98
maximum temperature - ssp5 - 2081-2100 - jun - aug,27.11,34.48,24.07,31.13,33.02,30.60,32.12,32.70,29.44,32.24,35.50,31.36,32.05,30.88,30.47,25.73,31.36,29.89,30.54,32.56,30.92,28.38
minimum temperature - historical - annual,-8.91,-2.87,-11.13,-5.70,-4.40,-8.56,-8.21,-6.61,-8.75,-4.83,-0.74,-5.13,-6.39,-8.21,-6.31,-12.24,-8.35,-9.010829984,-8.980727638,-6.00522548,-9.182519967,-11.19760171
minimum temperature - historical - nov - feb,-22.45,-18.72,-24.79,-20.16,-19.74,-24.44,-25.78,-23.37,-23.98,-19.48,-15.61,-19.74,-22.24,-24.25,-22.24,-27.30,-25.47,-24.3812165,-25.42641407,-22.14380407,-26.96944259,-27.59479585
minimum temperature - ssp1 - 2021-2040 - annual,-6.82,-0.83,-8.98,-3.63,-2.43,-6.48,-6.02,-4.53,-6.58,-2.68,1.34,-3.21,-4.48,-6.18,-4.12,-10.05,-6.15,-6.776941948,-6.865876531,-4.035720881,-6.983121843,-9.039739161
minimum temperature - ssp1 - 2041-2060 - annual,-6.34,-0.24,-8.57,-3.08,-1.80,-5.87,-5.36,-3.85,-6.00,-2.11,1.94,-2.61,-3.90,-5.56,-3.66,-9.54,-5.50,-6.17797228,-6.241039639,-3.365351886,-6.521317664,-8.591963469
minimum temperature - ssp1 - 2061-2080 - annual,-6.21,-0.18,-8.41,-3.00,-1.77,-5.75,-5.27,-3.77,-5.92,-2.03,2.03,-2.55,-3.81,-5.49,-3.52,-9.38,-5.40,-6.102658147,-6.154762635,-3.270270928,-6.360525204,-8.425595141
minimum temperature - ssp1 - 2081-2100 - annual,-6.41,-0.42,-8.50,-3.21,-1.99,-5.94,-5.42,-3.87,-6.09,-2.23,1.79,-2.76,-3.99,-5.68,-3.70,-9.55,-5.56,-6.250899222,-6.374859502,-3.454073386,-6.530038721,-8.633589861
minimum temperature - ssp1 - 2021-2040 - nov - feb,-20.53,-16.82,-22.64,-18.33,-18.04,-22.46,-23.55,-21.31,-21.85,-17.48,-13.69,-18.15,-20.60,-22.40,-20.06,-25.22,-23.22,-22.09101519,-23.4338711,-20.31654999,-24.74416099,-25.46086832
minimum temperature - ssp1 - 2041-2060 - nov - feb,-20.04,-16.20,-22.26,-17.72,-17.28,-21.75,-22.68,-20.51,-21.17,-16.86,-13.00,-17.43,-19.97,-21.63,-19.64,-24.72,-22.38,-21.3797074,-22.62670919,-19.5315583,-24.27710481,-25.03245111
minimum temperature - ssp1 - 2061-2080 - nov - feb,-19.90,-16.25,-22.13,-17.76,-17.40,-21.66,-22.68,-20.56,-21.13,-16.87,-13.08,-17.47,-20.01,-21.66,-19.52,-24.52,-22.35,-21.37401821,-22.64018514,-19.53629162,-24.11695471,-24.92518677
minimum temperature - ssp1 - 2081-2100 - nov - feb,-20.28,-16.55,-22.37,-18.06,-17.73,-21.90,-22.98,-20.58,-21.52,-17.22,-13.37,-17.81,-20.19,-21.97,-19.94,-24.82,-22.67,-21.72699419,-22.9918126,-19.72643596,-24.54073432,-25.3025684
minimum temperature - ssp2 - 2021-2040 - annual,-6.76,-0.64,-8.96,-3.54,-2.23,-6.38,-5.85,-4.34,-6.44,-2.59,1.48,-3.05,-4.34,-6.04,-4.05,-9.95,-5.99,-6.628180947,-6.713162153,-3.799026344,-6.91017601,-8.973094917
minimum temperature - ssp2 - 2041-2060 - annual,-5.91,0.12,-8.13,-2.71,-1.49,-5.50,-4.98,-3.47,-5.57,-1.74,2.28,-2.27,-3.52,-5.16,-3.23,-9.04,-5.11,-5.737231474,-5.83395243,-2.997598776,-6.085084388,-8.14535718
minimum temperature - ssp2 - 2061-2080 - annual,-5.23,0.83,-7.34,-1.98,-0.76,-4.78,-4.25,-2.70,-4.89,-0.99,3.04,-1.54,-2.78,-4.44,-2.44,-8.32,-4.38,-5.064060846,-5.126909663,-2.278060981,-5.322227463,-7.393739031
minimum temperature - ssp2 - 2081-2100 - annual,-4.75,1.37,-6.86,-1.50,-0.26,-4.19,-3.67,-2.16,-4.42,-0.48,3.52,-1.08,-2.24,-3.89,-1.92,-7.82,-3.82,-4.620907939,-4.588259863,-1.687726742,-4.774408605,-6.862749239
minimum temperature - ssp2 - 2021-2040 - nov - feb,-20.37,-16.48,-22.59,-18.08,-17.62,-22.33,-23.20,-20.98,-21.58,-17.23,-13.40,-17.78,-20.42,-22.12,-19.91,-25.02,-22.89,-21.80458077,-23.15210441,-19.92707833,-24.57423241,-25.3407737
minimum temperature - ssp2 - 2041-2060 - nov - feb,-19.61,-15.80,-21.80,-17.42,-17.07,-21.37,-22.35,-20.03,-20.72,-16.52,-12.70,-17.18,-19.62,-21.24,-19.22,-24.13,-22.01,-20.89713969,-22.26047363,-19.12875804,-23.83427359,-24.63470358
minimum temperature - ssp2 - 2061-2080 - nov - feb,-18.90,-15.06,-21.08,-16.69,-16.29,-20.43,-21.38,-18.98,-20.01,-15.81,-11.97,-16.41,-18.77,-20.41,-18.46,-23.39,-21.08,-20.18235596,-21.37985373,-18.25071231,-23.03390398,-23.8246723
minimum temperature - ssp2 - 2081-2100 - nov - feb,-18.32,-14.50,-20.37,-16.11,-15.73,-19.75,-20.72,-18.57,-19.44,-15.13,-11.48,-15.91,-18.16,-19.77,-17.65,-22.71,-20.45,-19.67089986,-20.78438934,-17.65001945,-22.26489158,-23.09154551
minimum temperature - ssp3 - 2021-2040 - annual,-6.66,-0.79,-8.87,-3.50,-2.35,-6.36,-5.87,-4.36,-6.43,-2.56,1.43,-3.06,-4.43,-6.05,-4.04,-9.88,-6.00,-6.651182557,-6.699817601,-3.930751997,-6.903633077,-8.9293305
minimum temperature - ssp3 - 2041-2060 - annual,-5.55,0.48,-7.75,-2.36,-1.12,-5.12,-4.59,-3.14,-5.26,-1.39,2.66,-1.93,-3.20,-4.82,-2.86,-8.70,-4.72,-5.444934309,-5.480892917,-2.661221992,-5.731096203,-7.762481592
minimum temperature - ssp3 - 2061-2080 - annual,-4.21,1.76,-6.37,-0.98,0.15,-3.84,-3.19,-1.80,-3.89,0.01,3.96,-0.60,-1.93,-3.50,-1.47,-7.31,-3.33,-4.063883912,-4.143177385,-1.353234516,-4.320242601,-6.365910001
minimum temperature - ssp3 - 2081-2100 - annual,-2.87,3.27,-5.00,0.40,1.64,-2.25,-1.54,-0.14,-2.43,1.48,5.43,0.80,-0.39,-1.95,0.00,-5.86,-1.71,-2.533660001,-2.57603144,0.259165034,-2.841871,-4.930151384
minimum temperature - ssp3 - 2021-2040 - nov - feb,-20.35,-16.74,-22.58,-18.15,-17.90,-22.24,-23.23,-20.97,-21.67,-17.32,-13.54,-17.91,-20.58,-22.19,-20.04,-25.10,-22.95,-21.93287001,-23.14897322,-20.09512234,-24.70535212,-25.44152266
minimum temperature - ssp3 - 2041-2060 - nov - feb,-19.08,-15.32,-21.22,-16.89,-16.52,-20.74,-21.62,-19.53,-20.25,-15.99,-12.22,-16.68,-19.09,-20.69,-18.62,-23.60,-21.31,-20.43595629,-21.62935281,-18.61035981,-23.283135,-24.05008334
minimum temperature - ssp3 - 2061-2080 - nov - feb,-17.71,-14.08,-19.77,-15.52,-15.36,-19.50,-20.24,-18.10,-18.91,-14.57,-10.97,-15.37,-17.98,-19.44,-17.16,-22.12,-19.92,-19.08612085,-20.33003069,-17.29278349,-21.8377545,-22.54944499
minimum temperature - ssp3 - 2081-2100 - nov - feb,-16.40,-12.48,-18.35,-14.22,-13.77,-17.62,-18.27,-16.19,-17.31,-13.19,-9.51,-13.99,-16.21,-17.69,-15.69,-20.56,-18.01,-17.32185712,-18.5505274,-15.45047301,-20.20478427,-21.05146748
minimum temperature - ssp5 - 2021-2040 - annual,-6.56,-0.57,-8.75,-3.38,-2.17,-6.25,-5.79,-4.26,-6.32,-2.39,1.58,-2.95,-4.25,-5.94,-3.89,-9.79,-5.92,-6.537979892,-6.631962459,-3.779984279,-6.749829314,-8.816061164
minimum temperature - ssp5 - 2041-2060 - annual,-5.15,0.87,-7.37,-1.90,-0.72,-4.72,-4.14,-2.71,-4.84,-0.90,3.11,-1.50,-2.80,-4.39,-2.43,-8.33,-4.28,-4.996180647,-5.026916255,-2.234255205,-5.334995913,-7.374141068
minimum temperature - ssp5 - 2061-2080 - annual,-3.36,2.74,-5.57,-0.14,1.11,-2.90,-2.25,-0.88,-2.95,0.90,4.91,0.30,-0.93,-2.53,-0.56,-6.44,-2.40,-3.079998701,-3.186191091,-0.406991029,-3.399380332,-5.499298699
minimum temperature - ssp5 - 2081-2100 - annual,-1.14,4.91,-3.28,2.08,3.28,-0.49,0.20,1.63,-0.64,3.21,7.07,2.46,1.35,-0.18,1.76,-4.11,0.05,-0.690774209,-0.815523495,1.985708623,-1.129358199,-3.189687893
minimum temperature - ssp5 - 2021-2040 - nov - feb,-20.29,-16.56,-22.57,-18.09,-17.76,-22.23,-23.26,-21.00,-21.56,-17.22,-13.45,-17.86,-20.41,-22.13,-20.01,-24.99,-22.94,-21.80605504,-23.17167859,-20.06631573,-24.61474291,-25.39960859
minimum temperature - ssp5 - 2041-2060 - nov - feb,-18.81,-15.11,-21.06,-16.57,-16.31,-20.51,-21.36,-19.26,-19.98,-15.67,-11.88,-16.37,-18.91,-20.41,-18.39,-23.41,-21.06,-20.1000465,-21.32116795,-18.32488133,-23.06497058,-23.82986856
minimum temperature - ssp5 - 2061-2080 - nov - feb,-16.64,-12.96,-18.96,-14.71,-14.28,-18.29,-18.99,-17.00,-17.65,-13.72,-10.01,-14.39,-16.70,-18.17,-16.22,-21.01,-18.69,-17.70500514,-19.06978142,-16.18986157,-20.66865548,-21.54053544
minimum temperature - ssp5 - 2081-2100 - nov - feb,-14.24,-10.62,-16.38,-12.39,-12.00,-15.42,-16.15,-13.91,-15.08,-11.29,-7.76,-12.13,-14.16,-15.50,-13.73,-18.31,-15.86,-14.99746351,-16.36438129,-13.32968561,-18.22512612,-18.97494626
precipitation - historical - annual,283.67,131.51,178.75,134.07,138.40,302.29,312.43,265.30,355.25,93.02,95.85,213.92,190.99,267.16,128.13,317.78,341.38,348.90,286.64,224.21,186.56,193.75
precipitation - historical - jun - aug,205.34,95.06,106.29,96.34,101.86,215.65,221.77,188.23,251.14,64.24,67.33,149.10,141.72,190.78,77.49,222.93,236.49,239.88,206.61,160.32,115.76,129.24
precipitation - ssp1 - 2021-2040 - annual,294.18,149.24,197.10,142.23,153.38,330.89,325.55,292.21,370.52,95.54,109.25,226.16,214.14,285.95,129.97,336.14,357.89,363.26,307.33,248.62,200.31,196.04
precipitation - ssp1 - 2041-2060 - annual,306.98,147.51,204.48,146.12,153.43,330.99,331.70,292.33,381.12,96.06,110.97,230.86,212.26,285.88,133.46,349.51,365.25,370.53,305.87,243.87,208.18,205.35
precipitation - ssp1 - 2061-2080 - annual,312.62,148.18,214.42,154.08,157.59,336.00,348.90,296.89,392.79,101.33,113.17,239.65,214.60,296.59,135.93,356.99,382.70,386.30,318.22,247.59,219.35,208.92
precipitation - ssp1 - 2081-2100 - annual,307.35,157.47,212.56,153.18,162.22,342.49,339.04,303.92,383.45,102.29,116.74,239.79,222.22,297.82,135.70,348.03,373.14,375.24,318.72,260.27,212.67,203.05
precipitation - ssp1 - 2021-2040 - jun - aug,208.55,107.51,105.84,101.00,111.18,232.45,223.34,205.44,252.74,65.34,77.03,155.43,156.15,199.81,74.93,227.44,239.12,240.72,216.08,178.06,111.32,125.57
precipitation - ssp1 - 2041-2060 - jun - aug,217.00,106.70,109.73,103.44,112.18,235.66,228.33,209.64,259.89,65.07,77.47,158.19,156.57,200.71,77.28,235.79,244.63,245.85,217.05,176.18,115.23,131.41
precipitation - ssp1 - 2061-2080 - jun - aug,221.81,107.97,115.31,111.62,118.36,238.80,240.18,210.71,268.43,70.67,81.28,168.30,161.39,209.49,79.96,239.64,257.15,257.30,226.18,178.60,121.04,133.26
precipitation - ssp1 - 2081-2100 - jun - aug,217.64,114.84,115.28,110.90,121.05,243.92,231.37,218.49,259.85,70.95,84.13,167.77,165.01,208.50,79.72,233.11,248.13,247.10,223.94,189.33,116.34,128.78
precipitation - ssp2 - 2021-2040 - annual,289.10,142.85,196.72,140.12,147.24,312.43,315.42,272.12,360.41,94.43,107.42,221.24,202.98,272.09,128.96,333.80,346.20,351.33,290.32,235.78,202.60,194.89
precipitation - ssp2 - 2041-2060 - annual,294.14,153.68,204.34,148.25,155.27,324.67,324.09,280.69,371.88,97.22,118.43,229.84,212.67,282.37,131.16,341.19,358.00,364.42,302.58,245.31,209.48,197.06
precipitation - ssp2 - 2061-2080 - annual,303.13,151.04,216.74,145.92,152.27,340.64,331.19,301.85,382.16,99.22,113.46,229.31,217.76,290.29,135.74,355.02,366.90,372.15,312.13,253.47,220.70,206.11
precipitation - ssp2 - 2081-2100 - annual,303.23,161.36,219.54,151.22,164.84,339.37,338.66,291.55,387.37,101.48,124.23,238.82,223.65,295.84,137.00,353.83,374.42,381.45,318.41,250.64,221.27,203.84
precipitation - ssp2 - 2021-2040 - jun - aug,202.88,101.79,104.75,99.27,106.98,217.84,214.70,189.21,242.80,63.72,75.09,151.40,148.48,188.58,74.32,223.64,229.21,228.70,203.20,167.54,111.23,122.69
precipitation - ssp2 - 2041-2060 - jun - aug,204.99,111.61,104.70,103.61,114.08,229.29,219.27,196.80,248.98,64.21,83.78,156.58,158.09,196.58,74.69,226.72,235.39,236.85,212.53,177.02,110.19,122.17
precipitation - ssp2 - 2061-2080 - jun - aug,210.85,108.73,111.69,101.90,111.45,241.34,223.35,216.01,255.20,66.16,79.69,156.92,160.45,202.44,77.37,233.78,240.74,241.17,219.49,182.98,114.53,127.89
precipitation - ssp2 - 2081-2100 - jun - aug,211.92,117.37,109.71,107.17,122.23,237.87,224.03,201.08,256.58,69.02,88.15,166.22,164.95,204.65,78.35,231.76,241.03,245.04,221.60,179.31,110.49,125.01
precipitation - ssp3 - 2021-2040 - annual,307.33,155.44,201.86,150.82,158.08,330.28,330.94,274.40,380.13,100.54,117.04,236.95,218.64,289.48,133.43,343.65,363.08,370.09,309.74,246.38,205.29,201.57
precipitation - ssp3 - 2041-2060 - annual,294.04,140.62,204.28,143.40,144.47,315.93,320.78,272.98,368.54,96.61,108.28,221.93,199.12,275.08,129.91,342.50,353.45,360.65,297.09,233.02,208.46,197.25
precipitation - ssp3 - 2061-2080 - annual,300.26,154.79,223.83,147.73,154.15,333.07,332.19,297.95,382.97,98.56,115.26,228.77,216.05,287.94,137.51,355.07,368.15,374.64,310.25,249.34,222.31,202.95
precipitation - ssp3 - 2081-2100 - annual,300.27,169.42,224.71,158.23,168.57,341.47,326.22,298.41,379.36,103.92,134.72,238.29,230.64,288.94,134.79,357.64,363.28,368.56,311.27,257.68,223.44,200.77
precipitation - ssp3 - 2021-2040 - jun - aug,219.51,113.58,109.45,108.73,117.07,235.07,228.46,194.38,262.73,69.91,84.03,166.10,162.53,203.73,78.62,235.19,244.59,247.50,219.05,178.71,114.15,129.35
precipitation - ssp3 - 2041-2060 - jun - aug,206.16,99.42,104.38,101.97,104.66,220.75,215.81,188.02,246.37,65.76,75.69,151.58,145.88,190.09,73.50,227.22,231.27,233.19,207.27,164.52,108.86,122.00
precipitation - ssp3 - 2061-2080 - jun - aug,208.21,110.74,111.70,104.54,112.88,231.04,219.08,209.61,250.83,66.63,80.39,156.69,157.38,197.87,78.80,229.93,235.47,236.69,214.95,178.04,109.42,123.31
precipitation - ssp3 - 2081-2100 - jun - aug,203.20,122.50,102.93,110.82,123.58,235.62,208.27,207.91,240.84,69.88,96.51,160.72,169.82,195.45,73.56,223.59,224.80,224.95,212.15,184.36,98.68,116.29
precipitation - ssp5 - 2021-2040 - annual,302.32,147.09,195.92,149.19,153.07,325.01,327.98,277.46,375.59,96.43,112.95,231.33,212.12,284.37,128.75,340.30,360.27,367.45,304.19,240.26,201.39,199.70
precipitation - ssp5 - 2041-2060 - annual,300.67,156.46,204.32,146.84,156.38,335.66,332.76,287.24,380.03,95.88,117.05,231.78,221.96,291.08,129.23,346.38,367.57,372.48,313.68,251.73,210.71,199.34
precipitation - ssp5 - 2061-2080 - annual,306.70,165.61,223.97,155.09,159.56,336.90,337.17,300.19,391.82,106.37,127.26,235.49,221.82,291.76,139.58,361.50,374.97,383.24,314.07,257.78,228.57,208.63
precipitation - ssp5 - 2081-2100 - annual,307.50,185.21,231.10,162.26,175.55,366.40,336.03,319.78,390.95,106.30,145.04,245.87,244.14,306.26,133.83,367.12,376.79,383.27,331.17,277.57,232.13,200.75
precipitation - ssp5 - 2021-2040 - jun - aug,217.03,104.98,105.46,107.68,113.29,231.56,227.17,195.94,258.52,66.17,80.29,161.90,156.63,202.52,74.40,230.71,243.06,246.26,218.35,172.22,110.01,127.78
precipitation - ssp5 - 2041-2060 - jun - aug,211.11,113.50,103.18,105.62,115.19,237.76,223.05,201.70,254.13,65.71,84.10,161.08,164.93,202.67,73.98,228.53,240.19,241.06,219.95,181.86,106.66,122.86
precipitation - ssp5 - 2061-2080 - jun - aug,211.21,121.62,105.44,109.47,117.77,234.96,217.17,211.69,252.27,71.85,90.82,162.37,164.40,199.06,77.73,228.48,234.49,237.65,214.93,187.55,107.35,122.87
precipitation - ssp5 - 2081-2100 - jun - aug,204.64,135.17,98.77,114.15,129.04,249.00,207.84,220.36,239.51,72.05,105.28,166.27,178.37,202.61,71.32,222.57,225.37,225.13,219.57,200.78,94.67,112.31
solar radiation - historical - annual,13691.31215,15803.86339,13600.98207,15278.44771,15071.73271,14123.28572,13188.38097,14299.92025,13264.15799,15356.64096,16310.39479,14763.85918,14607.32628,13922.17489,14504.9473,12632.46827,13088.21747,13188.48687,13725.68972,15026.9945,13416.75243,13751.78603
solar radiation - historical - jun - aug,19211.43478,22142.78829,20684.47695,21143.66394,20910.14892,20218.92197,19131.11689,20758.60929,19085.60203,21504.97756,22208.12836,20549.88584,20567.44001,19606.52094,21327.66126,18349.30887,19004.10421,19001.94843,19313.29615,21341.34397,20157.06774,19436.13858
solar radiation - historical - mar - may,17859.12545,19617.55737,17520.35951,19175.22986,19116.26874,18261.1652,17443.73626,18398.83478,17499.93483,19182.55541,20089.97853,18867.44689,18641.66563,18046.97608,18390.26996,16924.14239,17361.2096,17437.8979,17852.78134,19009.05053,17706.46637,17947.29061
solar radiation - ssp1 - 2021-2040 - annual,13691.14414,15803.92894,13601.10932,15277.97385,15071.80082,14123.68556,13189.33617,14300.6014,13264.58477,15356.2647,16309.90467,14763.7871,14607.54729,13922.45607,14504.97942,12632.78694,13089.09812,13189.10416,13725.92229,15027.53322,13417.15291,13751.9873
solar radiation - ssp1 - 2041-2060 - annual,13691.59285,15804.74358,13601.4597,15278.34853,15072.51171,14124.14247,13189.73119,14301.24672,13264.99774,15356.58833,16310.45365,14764.27972,14608.31226,13923.08687,14505.35255,12632.93994,13089.47034,13189.56527,13726.56499,15028.21359,13417.7005,13752.36584
solar radiation - ssp1 - 2061-2080 - annual,13691.49374,15804.91899,13601.14959,15278.40899,15072.48335,14124.3146,13189.71517,14301.55116,13264.92028,15356.69647,16310.58507,14764.30132,14608.3292,13923.01644,14505.2779,12632.84368,13089.45664,13189.424,13726.53645,15028.58804,13417.33292,13752.19907
solar radiation - ssp1 - 2081-2100 - annual,13691.90086,15805.28283,13601.56084,15278.76612,15072.88957,14124.7012,13190.24162,14301.83733,13265.38148,15357.04228,16311.10457,14764.61869,14608.66298,13923.44652,14505.65554,12633.34829,13089.98215,13189.96468,13726.96301,15028.78954,13417.94515,13752.74315
solar radiation - ssp1 - 2021-2040 - jun - aug,19214.03435,22143.68443,20687.4919,21144.82822,20911.60706,20221.73115,19134.79488,20761.48033,19088.85893,21506.14557,22208.3729,20551.68258,20569.29562,19609.29557,21330.00894,18353.02289,19007.80055,19005.33472,19316.20547,21343.67813,20160.18759,19439.17223
solar radiation - ssp1 - 2041-2060 - jun - aug,19214.92742,22145.48847,20688.34409,21145.6478,20912.98657,20222.94675,19135.75032,20762.86015,19089.59551,21506.88831,22209.82722,20552.72898,20570.73021,19610.41491,21330.76954,18353.63192,19008.70971,19006.10947,19317.36815,21345.10264,20161.2319,19440.1219
solar radiation - ssp1 - 2061-2080 - jun - aug,19214.75711,22145.55329,20688.06091,21145.59051,20912.63423,20223.19675,19135.43205,20763.20106,19089.38212,21507.05583,22209.45382,20552.4847,20570.59789,19610.0865,21330.68286,18353.63485,19008.43679,19005.7336,19317.12841,21345.58188,20160.94656,19439.99576
solar radiation - ssp1 - 2081-2100 - jun - aug,19215.68815,22146.18195,20688.80506,21145.91887,20913.68684,20224.04204,19137.36459,20763.50266,19090.7404,21507.23586,22210.145,20553.34312,20571.46205,19611.57841,21331.16151,18354.7673,19010.25631,19007.3537,19318.66345,21345.77676,20162.06205,19440.96136
solar radiation - ssp1 - 2021-2040 - mar - may,17857.52685,19617.66414,17519.09356,19173.97299,19116.01404,18260.6806,17444.16133,18398.77199,17499.2576,19181.64027,20089.29917,18866.69883,18641.49353,18046.40139,18389.4994,16922.55437,17361.38177,17437.65943,17852.12252,19009.30151,17705.73332,17946.25818
solar radiation - ssp1 - 2041-2060 - mar - may,17858.18393,19618.41912,17519.50935,19174.52035,19116.93832,18260.68502,17444.27934,18399.25288,17499.80401,19181.87413,20089.80256,18867.46729,18642.33277,18047.12057,18389.89218,16922.61912,17361.5234,17438.28135,17852.68528,19009.61454,17706.46081,17946.61328
solar radiation - ssp1 - 2061-2080 - mar - may,17857.95133,19619.08582,17519.17301,19174.66276,19117.0788,18261.28065,17444.45306,18400.17395,17499.82208,19182.14298,20090.48022,18867.54129,18642.6135,18047.171,18389.93134,16922.53637,17361.67339,17438.18185,17852.83732,19010.70673,17706.04837,17946.55872
solar radiation - ssp1 - 2081-2100 - mar - may,17858.21282,19619.40651,17519.20222,19175.18781,19117.37891,18261.60657,17444.38696,18400.69335,17499.87781,19182.62471,20091.26731,18867.59234,18642.75189,18047.16451,18390.07928,16922.80646,17361.70049,17438.24122,17852.8065,19011.13441,17706.32333,17946.92121
solar radiation - ssp2 - 2021-2040 - annual,13691.01903,15803.02974,13600.71703,15277.49877,15071.26094,14123.38109,13189.01403,14300.26832,13264.30623,15355.67915,16309.0968,14763.32706,14607.15724,13922.18488,14504.47774,12632.44546,13088.75986,13188.79758,13725.65539,15026.89404,13416.71917,13751.6154
solar radiation - ssp2 - 2041-2060 - annual,13690.72802,15803.37717,13600.2816,15277.15335,15071.28576,14123.39295,13188.77249,14300.3737,13264.05041,15355.35816,16308.95809,14763.09664,14607.3681,13922.11708,14504.04569,12632.19684,13088.55364,13188.59162,13725.63581,15027.34108,13416.45942,13751.44031
solar radiation - ssp2 - 2061-2080 - annual,13690.66641,15803.3796,13600.01288,15277.15255,15071.15426,14123.20616,13188.88867,14300.05048,13263.8389,15355.22358,16309.09877,14763.03059,14607.06755,13922.04432,14503.88195,12631.92662,13088.62015,13188.37694,13725.67544,15027.09326,13416.17252,13751.24675
solar radiation - ssp2 - 2081-2100 - annual,13690.85679,15803.68814,13600.00432,15277.40986,15071.36529,14123.33852,13188.80297,14300.27743,13263.99002,15355.58268,16309.3906,14763.30811,14607.22635,13922.06613,14504.10306,12632.11597,13088.56953,13188.50403,13725.63741,15027.46778,13416.27621,13751.37923
solar radiation - ssp2 - 2021-2040 - jun - aug,19213.97853,22142.4357,20687.12184,21144.12305,20910.77975,20221.63419,19134.67962,20761.39603,19088.67489,21505.21138,22207.25764,20551.13518,20568.60064,19609.00291,21329.24446,18352.74164,19007.63841,19005.15838,19315.97937,21342.9907,20159.82868,19438.73159
solar radiation - ssp2 - 2041-2060 - jun - aug,19214.19314,22143.6953,20687.46492,21144.24595,20911.50882,20222.33733,19134.8365,20762.13573,19088.62064,21505.55248,22207.66579,20551.39834,20569.59924,19609.57836,21329.32045,18353.13701,19007.87101,19005.0907,19316.69509,21344.09301,20160.04346,19439.32158
solar radiation - ssp2 - 2061-2080 - jun - aug,19214.87959,22143.97821,20687.60221,21144.58892,20911.73248,20222.01153,19135.51227,20761.40652,19089.03293,21505.46397,22207.94903,20551.64298,20569.48173,19609.88441,21329.53348,18353.49563,19008.43177,19005.4386,19317.14269,21343.62904,20160.13633,19439.47813
solar radiation - ssp2 - 2081-2100 - jun - aug,19215.03387,22144.56093,20687.67024,21144.78756,20911.92476,20223.08788,19135.741,20763.07232,19089.32503,21505.81084,22208.52591,20552.06078,20569.8656,19610.25828,21329.65433,18354.13118,19008.74171,19005.81488,19317.51436,21345.47812,20160.43588,19439.83719
solar radiation - ssp2 - 2021-2040 - mar - may,17857.79231,19617.34911,17518.84872,19173.97151,19116.16284,18260.58339,17443.84421,18398.73934,17499.20177,19181.26642,20089.25663,18866.66381,18641.73933,18046.554,18389.1898,16922.42356,17361.05109,17437.53643,17852.23276,19008.96812,17705.45395,17946.19999
solar radiation - ssp2 - 2041-2060 - mar - may,17856.85615,19617.21959,17517.61607,19173.10001,19115.57455,18259.72678,17442.82918,18397.95273,17498.43546,19180.418,20088.48612,18865.92387,18641.39101,18045.71528,18388.15001,16921.37547,17360.09861,17436.86896,17851.33094,19008.84297,17704.57729,17945.32197
solar radiation - ssp2 - 2061-2080 - mar - may,17855.99042,19617.09994,17516.67155,19172.87823,19115.05339,18259.55149,17442.60726,18397.75485,17497.42935,19180.07831,20088.97229,18865.51549,18640.65355,18045.2685,18387.38536,16920.42066,17359.80297,17435.91556,17851.15786,19008.73004,17703.63871,17944.50927
solar radiation - ssp2 - 2081-2100 - mar - may,17856.86089,19617.47675,17517.12911,19173.59901,19115.71105,18259.39783,17442.81374,18397.43418,17498.10725,19181.17182,20089.30458,18866.20512,18640.94478,18045.37452,18388.54844,16920.9028,17360.02977,17436.42097,17851.08543,19008.43009,17704.13031,17944.96134
solar radiation - ssp3 - 2021-2040 - annual,13689.9039,15801.59995,13599.84721,15276.44861,15069.88538,14122.11697,13187.74573,14299.07797,13263.17361,15354.81188,16307.8999,14762.05691,14605.8259,13920.85867,14503.58012,12631.55626,13087.53656,13187.62712,13724.27366,15025.49594,13416.10729,13750.90522
solar radiation - ssp3 - 2041-2060 - annual,13689.61301,15801.23493,13599.32955,15276.02954,15069.60798,14121.79643,13187.4666,14298.60318,13262.81829,15354.17611,16307.39225,14761.87529,14605.53835,13920.58833,14502.95475,12630.97385,13087.22665,13187.22967,13724.00877,15025.22732,13415.4476,13750.34306
solar radiation - ssp3 - 2061-2080 - annual,13688.6759,15800.32963,13598.2538,15275.10512,15068.65312,14120.77747,13186.37322,14297.24509,13261.81203,15353.20748,16306.46391,14760.83338,14604.68138,13919.60128,14501.96606,12630.02629,13086.16642,13186.2255,13723.02088,15024.08259,13414.45677,13749.50869
solar radiation - ssp3 - 2081-2100 - annual,13688.27717,15799.55839,13597.93996,15274.39658,15067.9999,14120.46185,13186.11466,14296.97858,13261.39692,15352.64239,16305.63098,14760.26498,14604.01953,13919.1336,14501.64465,12629.63383,13085.88198,13185.78911,13722.64565,15023.59788,13414.08059,13749.04869
solar radiation - ssp3 - 2021-2040 - jun - aug,19211.49159,22139.32504,20685.31295,21141.91704,20907.57125,20218.96477,19132.18025,20758.50765,19086.05219,21503.47716,22204.69031,20548.04432,20565.87854,19606.28347,21327.37025,18350.74758,19005.15715,19002.57627,19313.30762,21339.66525,20158.48035,19437.41562
solar radiation - ssp3 - 2041-2060 - jun - aug,19213.06495,22140.36047,20686.48454,21142.75963,20908.77691,20220.1223,19132.97769,20759.8125,19087.22956,21504.04872,22205.02932,20549.4851,20566.68365,19607.45374,21328.13235,18351.84744,19006.01459,19003.4149,19314.4796,21341.44846,20158.87271,19438.26349
solar radiation - ssp3 - 2061-2080 - jun - aug,19212.52396,22139.60999,20686.06148,21141.96852,20907.89778,20219.60967,19132.7223,20758.10849,19086.37191,21503.20229,22204.26426,20548.35803,20566.23669,19607.04813,21327.43055,18351.79122,19005.73862,19002.61346,19314.30003,21340.03346,20158.52031,19438.28017
solar radiation - ssp3 - 2081-2100 - jun - aug,19213.7831,22138.87679,20687.13417,21141.48656,20907.60739,20220.63515,19133.45549,20759.21538,19087.12701,21502.81653,22202.85839,20548.56026,20566.21121,19607.7496,21328.12985,18353.34533,19006.4911,19003.1622,19315.29926,21340.80884,20159.29109,19439.03377
solar radiation - ssp3 - 2021-2040 - mar - may,17856.48857,19615.9072,17517.94254,19172.99428,19114.81095,18258.95184,17442.0464,18397.49236,17497.91721,19180.53966,20088.12787,18865.65439,18640.08802,18044.84267,18388.37091,16921.29116,17359.36332,17436.06787,17850.24737,19007.61451,17704.75951,17945.13197
solar radiation - ssp3 - 2041-2060 - mar - may,17855.03137,19614.89337,17516.37526,19172.1383,19113.79933,18257.81284,17440.98099,18395.92087,17496.41729,19179.38638,20087.48694,18864.70873,18639.23516,18043.64658,18386.7804,16919.54048,17358.19597,17434.7001,17849.11503,19006.29956,17703.09232,17943.52391
solar radiation - ssp3 - 2061-2080 - mar - may,17853.40991,19613.43752,17514.20347,19170.62421,19112.38276,18255.48319,17438.66877,18393.32632,17494.89319,19177.69753,20086.2054,18863.16818,18637.52853,18041.82983,18385.11343,16917.44565,17355.98581,17433.12954,17847.1578,19004.16043,17701.30518,17941.81022
solar radiation - ssp3 - 2081-2100 - mar - may,17852.13701,19612.7424,17513.03199,19169.78593,19111.64674,18254.5368,17437.97858,18392.13493,17493.73092,19176.93495,20085.60544,18862.31958,18636.6826,18040.72209,18384.24622,16915.73984,17355.18982,17431.98626,17846.09487,19003.02536,17700.03173,17940.46844
solar radiation - ssp5 - 2021-2040 - annual,13690.54907,15803.24807,13600.61337,15277.21562,15071.12501,14123.10041,13188.68938,14300.13572,13264.03846,15355.55407,16308.9707,14763.06651,14607.03132,13921.92245,14504.39233,12632.21783,13088.46411,13188.59864,13725.33753,15026.99089,13416.76405,13751.51915
solar radiation - ssp5 - 2041-2060 - annual,13690.23421,15802.70978,13599.9296,15276.7536,15070.77924,14122.64732,13188.29531,14299.60966,13263.56461,15354.87219,16308.67406,14762.7307,14606.5466,13921.43809,14503.59663,12631.69072,13088.07099,13188.05948,13724.8763,15026.4081,13416.04591,13750.97897
solar radiation - ssp5 - 2061-2080 - annual,13689.35519,15801.98285,13599.04775,15275.75332,15070.00334,14122.21652,13187.42748,14298.95616,13262.61259,15353.77861,16307.67553,14761.91681,14605.94226,13920.78156,14502.53545,12630.65609,13087.17674,13187.09694,13724.30389,15025.85444,13415.02732,13749.9321
solar radiation - ssp5 - 2081-2100 - annual,13688.35399,15800.56937,13598.0631,15274.59706,15068.58059,14120.97695,13186.52554,14297.59847,13261.75181,15352.86653,16306.46234,14760.54013,14604.56296,13919.58735,14501.78737,12629.79446,13086.30104,13186.2182,13723.17012,15024.36923,13414.24487,13749.1751
solar radiation - ssp5 - 2021-2040 - jun - aug,19212.71029,22142.99029,20686.91113,21143.45996,20910.58019,20220.7911,19133.44825,20760.7125,19087.49831,21505.15063,22207.15357,20550.35128,20568.39642,19608.22091,21329.14598,18351.97118,19006.45511,19004.09335,19315.11115,21342.95511,20159.83411,19438.58302
solar radiation - ssp5 - 2041-2060 - jun - aug,19214.12184,22143.06206,20687.70271,21143.92651,20911.1424,20221.46151,19134.29025,20761.23089,19088.35818,21505.00861,22207.16145,20551.07594,20568.68937,19608.9596,21329.12181,18353.19664,19007.34812,19004.65659,19315.99542,21343.29939,20160.18101,19439.40755
solar radiation - ssp5 - 2061-2080 - jun - aug,19214.71273,22142.34019,20688.32359,21143.35388,20910.65904,20222.41341,19134.93747,20761.25815,19088.55117,21504.32315,22206.13175,20550.90931,20568.77612,19609.65613,21328.90125,18354.1653,19007.95052,19004.7738,19317.09873,21343.10598,20160.2025,19439.61785
solar radiation - ssp5 - 2081-2100 - jun - aug,19215.03365,22140.8023,20688.67343,21142.35226,20909.02893,20221.8865,19134.6695,20760.59734,19088.58398,21503.72633,22204.28092,20549.52182,20567.6164,19609.16066,21329.10706,18355.07322,19007.815,19004.5897,19316.84346,21342.11293,20160.4549,19440.33935
solar radiation - ssp5 - 2021-2040 - mar - may,17857.09583,19617.36475,17518.5099,19173.52416,19115.71624,18260.19929,17443.64851,18398.47044,17499.09328,19181.01617,20088.71201,18866.31618,18641.41192,18046.21982,18388.96833,16922.01631,17360.91815,17437.51478,17851.77081,19009.00659,17705.30992,17945.77743
solar radiation - ssp5 - 2041-2060 - mar - may,17855.68386,19616.26507,17517.08042,19172.59712,19114.78645,18258.73802,17442.15904,18396.90773,17497.4848,19180.07569,20088.48376,18865.396,18640.07766,18044.60254,18387.68129,16920.24526,17359.38835,17435.91831,17850.03677,19007.42852,17703.80681,17944.22656
solar radiation - ssp5 - 2061-2080 - mar - may,17853.52513,19615.41941,17514.33522,19170.89958,19113.61689,18257.35671,17440.08898,18395.60532,17495.39992,19177.86738,20087.23377,18863.93841,18638.9575,18042.96357,18385.14176,16917.27424,17357.24738,17433.90516,17848.42116,19006.39389,17701.36925,17941.61676
solar radiation - ssp5 - 2081-2100 - mar - may,17851.45972,19613.9721,17512.10501,19169.62181,19111.94178,18255.34148,17438.52397,18393.33492,17493.81198,19176.80382,20086.62718,18862.22166,18637.02519,18040.87484,18383.80505,16915.20872,17355.69424,17432.32378,17846.37582,19004.27312,17699.69975,17939.8998
