Variable,Attapeu,Bokeo,Bolikhamxai,Champasack,Houaphan,Khammouan,Louangnamtha,Louangphabang,Oudomxai,Phongsaly,Salavan,Savannakhet,Sekong,Vientiane,Vientiane Capital,Xaignabouly,Xaisomboon,Xiengkhouang
precipitation - historical - annual,2514.36,1618.2,2287.27,2236.32,1356.9,2376.83,1654.84,1551.03,1495.38,1618.87,1927.72,1782.25,2598.87,1893.21,1832.96,1284.43,2037.09,1483.98
precipitation - ssp1 - 2021-2040 - annual,2590.59,1622.81,2282.42,2261.18,1369.55,2392.08,1666.08,1560.49,1507.55,1620.63,2000.79,1827.65,2712.43,1879.02,1813.42,1278.57,2034.76,1493.88
precipitation - ssp1 - 2041-2060 - annual,2661.43,1675.33,2344.85,2326.47,1450.71,2466.77,1730.05,1617.19,1563.26,1700.65,2081.34,1898.42,2807.38,1915.24,1848.42,1323.97,2078.8,1556.27
precipitation - ssp1 - 2061-2080 - annual,2694.87,1694.41,2387.34,2359.75,1473.59,2511.89,1748.05,1637.56,1582.65,1707.77,2120.65,1937.37,2835.56,1946.1,1883.83,1346.72,2120.97,1588.68
precipitation - ssp1 - 2081-2100 - annual,2696.21,1690.46,2394.98,2345.24,1490.01,2505.4,1749.01,1645.48,1585.68,1720.49,2108.51,1926.54,2839.7,1948.91,1888.91,1344.15,2124.65,1602.01
precipitation - ssp2 - 2021-2040 - annual,2580.37,1598.59,2263.52,2254.12,1359.82,2363.28,1643.93,1542.91,1484.3,1611.75,1979.73,1797.48,2701.4,1867.23,1803.76,1262.42,2024.23,1482.04
precipitation - ssp2 - 2041-2060 - annual,2609.37,1652.01,2306,2305.54,1389.14,2418.04,1697.13,1581.91,1533.85,1647.8,2024.66,1850.87,2728.42,1908.5,1842,1307.37,2058.71,1512.44
precipitation - ssp2 - 2061-2080 - annual,2656.16,1640.51,2303.81,2337.57,1388.28,2421.22,1687.34,1569.02,1520.38,1638.87,2046.88,1858.73,2777.54,1896.61,1832.32,1293.5,2051.04,1508.95
precipitation - ssp2 - 2081-2100 - annual,2720.77,1683.23,2336.33,2365.7,1424.2,2455,1726.84,1612.22,1563.26,1669.76,2134.19,1932.12,2878.19,1936.83,1869.08,1332.52,2093.66,1550.47
precipitation - ssp3 - 2021-2040 - annual,2549.25,1555.1,2204.86,2225.09,1299.4,2308.44,1610.98,1485.12,1438.6,1572.21,1940.2,1757.67,2658.26,1811.82,1750.3,1210.66,1964.01,1418.82
precipitation - ssp3 - 2041-2060 - annual,2495.97,1591.62,2237.08,2186.42,1333.84,2320.49,1634.03,1522.1,1469.03,1587.41,1906.68,1753.51,2613.9,1855.39,1784.06,1255.04,2003.6,1454.79
precipitation - ssp3 - 2061-2080 - annual,2549.46,1594.33,2199.47,2225.83,1311.66,2287.13,1644.17,1509.67,1473.51,1597.36,1930.41,1745.59,2657.11,1819.89,1745.02,1230.53,1968.82,1428.84
precipitation - ssp3 - 2081-2100 - annual,2577.21,1618.23,2234.45,2242.7,1346.57,2322.93,1661,1538.82,1494.53,1604.68,1978.36,1789.35,2704.49,1856.45,1785.83,1259.34,2011.16,1465.75
precipitation - ssp5 - 2021-2040 - annual,2637.78,1623.68,2268.65,2292.53,1369.02,2385.76,1670.83,1558.81,1507.17,1631.55,2043.62,1851.74,2769.15,1880.56,1814.69,1279.5,2030.05,1485.83
precipitation - ssp5 - 2041-2060 - annual,2688.16,1657.81,2320.88,2333.56,1407.27,2437.14,1702.62,1587.14,1536.85,1655.72,2113.43,1913.84,2849.69,1915.83,1854.58,1309.15,2078.64,1532.23
precipitation - ssp5 - 2061-2080 - annual,2694.15,1662.34,2332.94,2340.56,1406.35,2453.97,1703.79,1598.41,1545.84,1648.55,2091.46,1906.58,2835.72,1919.27,1850.91,1320.05,2083.17,1536.74
precipitation - ssp5 - 2081-2100 - annual,2732.58,1712,2350.83,2367.48,1448.99,2458.63,1751.71,1647,1593.29,1692.15,2117.8,1920.88,2862.29,1949.01,1873.92,1350.2,2115.21,1574.39
precipitation - historical - may - oct,2340.33,1438.05,2125.07,2086.86,1193.52,2190.68,1467.22,1375.5,1328.33,1428.54,1749.94,1624.29,2352.82,1712.56,1689.93,1121.96,1864.16,1334.34
precipitation - ssp1 - 2021-2040 - may - oct,2342.82,1422.94,2089.73,2085.33,1184.82,2143.06,1451.06,1362.84,1317.4,1402.43,1739,1601.06,2346.96,1680.33,1653.34,1098.99,1838.16,1321.61
precipitation - ssp1 - 2041-2060 - may - oct,2402.23,1455.82,2142.06,2143.07,1247.31,2196.56,1493.01,1399.75,1352.84,1458.77,1798.5,1653.16,2414.86,1706.82,1683.49,1130.36,1872.02,1368.27
precipitation - ssp1 - 2061-2080 - may - oct,2412.21,1478.27,2168.6,2165.63,1258.65,2218.63,1513.72,1417.66,1373.12,1467.52,1803.68,1662.76,2409.18,1732.27,1709.7,1150.9,1904.36,1389.85
precipitation - ssp1 - 2081-2100 - may - oct,2429.72,1474.04,2185.35,2163.97,1272.36,2241.87,1514.02,1426.21,1376.53,1476.02,1829.58,1689.08,2444.12,1738.26,1720.3,1151.5,1911.59,1403.31
precipitation - ssp2 - 2021-2040 - may - oct,2350.02,1405.17,2083.79,2086.56,1181.43,2132.53,1434.95,1348.53,1299.41,1398.4,1733.26,1591.94,2352.43,1673.45,1649.3,1087.97,1832.88,1316.07
precipitation - ssp2 - 2041-2060 - may - oct,2391.89,1453.63,2118.53,2145.71,1206.62,2177.35,1482.98,1385.11,1344.65,1431.09,1791.85,1648.12,2397.11,1713.48,1687.72,1130.35,1866.28,1343.46
precipitation - ssp2 - 2061-2080 - may - oct,2416.37,1433.59,2114.88,2170.19,1199.52,2175.99,1463.14,1365.78,1323.61,1412.62,1793.12,1644.08,2405.98,1699.39,1676.38,1113.67,1855.05,1333.38
precipitation - ssp2 - 2081-2100 - may - oct,2439.83,1470.22,2136.3,2179.48,1225.26,2180.51,1497.8,1400.1,1358.82,1439.51,1820.24,1667.12,2440.35,1729.92,1704.01,1143.5,1888.69,1366.52
precipitation - ssp3 - 2021-2040 - may - oct,2320.02,1371.26,2034.21,2062.57,1130.37,2090.4,1410.45,1300.93,1262.81,1369.09,1702.81,1564.08,2311.69,1626.01,1601.83,1045.63,1781.55,1262.52
precipitation - ssp3 - 2041-2060 - may - oct,2298.59,1403.97,2067.92,2037.41,1162.61,2100.72,1430.99,1335.06,1291.18,1381.65,1685.6,1556.61,2302.7,1670.44,1638.22,1089.54,1822.29,1298.54
precipitation - ssp3 - 2061-2080 - may - oct,2338.42,1408.02,2035.74,2078.24,1146.21,2066.39,1442.54,1327.79,1297.85,1394,1703.01,1548.14,2326.09,1641.59,1607.2,1068.61,1795.15,1278.77
precipitation - ssp3 - 2081-2100 - may - oct,2350.85,1430.93,2074.43,2088.22,1186.55,2099.55,1458.2,1359.89,1320.24,1401.24,1709.54,1567.59,2324.37,1677.81,1647.24,1097.31,1839.34,1319.85
precipitation - ssp5 - 2021-2040 - may - oct,2364.46,1416.11,2074.02,2109.06,1176.5,2121.77,1446.3,1351.59,1307.39,1402.78,1745.69,1598.83,2363.79,1681.07,1656.46,1096.98,1831.94,1308.81
precipitation - ssp5 - 2041-2060 - may - oct,2395.33,1448.43,2120.34,2133.65,1213.93,2162.6,1478.1,1379.74,1337.49,1431.41,1789.73,1639.79,2411.39,1708.93,1688.36,1121.31,1873.04,1351.05
precipitation - ssp5 - 2061-2080 - may - oct,2416.44,1451.97,2130.48,2149.77,1209.26,2173.72,1478.4,1384.95,1341.9,1421.5,1775.03,1632.93,2403.2,1707.18,1680.85,1125.77,1873.99,1351.24
precipitation - ssp5 - 2081-2100 - may - oct,2432.71,1501.28,2160.95,2176.66,1260.09,2186.13,1527.73,1441.68,1394.52,1468.83,1790.87,1651.3,2399.18,1748.9,1717.5,1165.31,1919.18,1399.4
precipitation - historical - nov - apr,189.46,209.63,187.75,160.53,191.61,225.81,227.6,208.85,202.44,233.83,201.82,177.74,278.28,200.23,160.2,182.59,198.06,175.92
precipitation - ssp1 - 2021-2040 - nov - apr,247.76,199.87,192.68,175.86,184.73,249.02,215.02,197.65,190.15,218.2,261.79,226.59,365.47,198.7,160.08,179.58,196.6,172.27
precipitation - ssp1 - 2041-2060 - nov - apr,259.2,219.52,202.79,183.4,203.4,270.21,237.04,217.44,210.41,241.89,282.85,245.26,392.52,208.42,164.94,193.61,206.78,187.99
precipitation - ssp1 - 2061-2080 - nov - apr,282.66,216.14,218.73,194.12,214.94,293.25,234.32,219.9,209.53,240.25,316.97,274.61,426.38,213.83,174.13,195.82,216.61,198.83
precipitation - ssp1 - 2081-2100 - nov - apr,266.49,216.42,209.63,181.27,217.65,263.53,234.98,219.27,209.14,244.48,278.93,237.46,395.58,210.65,168.6,192.65,213.06,198.69
precipitation - ssp2 - 2021-2040 - nov - apr,230.35,193.43,179.72,167.57,178.39,230.75,208.98,194.38,184.89,213.35,246.47,205.54,348.97,193.77,154.47,174.45,191.35,165.97
precipitation - ssp2 - 2041-2060 - nov - apr,217.48,198.38,187.47,159.83,182.52,240.69,214.15,196.8,189.2,216.71,232.8,202.75,331.31,195.02,154.28,177.02,192.43,168.98
precipitation - ssp2 - 2061-2080 - nov - apr,239.79,206.91,188.93,167.38,188.76,245.23,224.2,203.25,196.77,226.25,253.75,214.65,371.56,197.22,155.94,179.83,195.99,175.58
precipitation - ssp2 - 2081-2100 - nov - apr,280.94,213.02,200.04,186.22,198.94,274.49,229.04,212.12,204.44,230.26,313.95,265,437.84,206.91,165.07,189.02,204.97,183.95
precipitation - ssp3 - 2021-2040 - nov - apr,229.23,183.84,170.66,162.52,169.03,218.05,200.53,184.19,175.79,203.12,237.4,193.6,346.57,185.8,148.48,165.03,182.46,156.3
precipitation - ssp3 - 2041-2060 - nov - apr,197.38,187.64,169.16,149.01,171.23,219.77,203.05,187.04,177.86,205.76,221.08,196.9,311.2,184.94,145.83,165.5,181.31,156.25
precipitation - ssp3 - 2061-2080 - nov - apr,211.04,186.3,163.74,147.59,165.45,220.74,201.63,181.88,175.66,203.36,227.4,197.45,331.02,178.3,137.82,161.92,173.67,150.07
precipitation - ssp3 - 2081-2100 - nov - apr,226.36,187.3,160.02,154.48,160.02,223.38,202.8,178.92,174.3,203.45,268.83,221.76,380.12,178.64,138.59,162.03,171.81,145.9
precipitation - ssp5 - 2021-2040 - nov - apr,273.32,207.57,194.63,183.48,192.52,263.99,224.52,207.22,199.78,228.77,297.93,252.91,405.36,199.49,158.23,182.52,198.11,177.02
precipitation - ssp5 - 2041-2060 - nov - apr,292.83,209.37,200.54,199.92,193.34,274.54,224.52,207.4,199.36,224.3,323.69,274.05,438.3,206.9,166.23,187.84,205.6,181.18
precipitation - ssp5 - 2061-2080 - nov - apr,277.71,210.37,202.46,190.8,197.09,280.25,225.4,213.46,203.94,227.05,316.43,273.65,432.52,212.09,170.06,194.28,209.19,185.5
precipitation - ssp5 - 2081-2100 - nov - apr,299.87,210.71,189.88,190.82,188.9,272.5,223.98,205.32,198.77,223.33,326.93,269.58,463.11,200.11,156.42,184.89,196.03,174.99
mean temperature - historical - annual,25.02,23.73,22.38,25.59,20.05,23.64,22.1,22.24,22.31,20.77,24.86,25.26,22.12,24.39,25.55,23.86,21.74,20.11
mean temperature - ssp1 - 2021-2040 - annual,26.24,25,23.71,26.8,21.35,25.04,23.38,23.52,23.6,22.09,26.13,26.6,23.4,25.66,26.81,25.12,23.01,21.38
mean temperature - ssp1 - 2041-2060 - annual,26.59,25.41,24.1,27.15,21.72,25.4,23.77,23.92,23.98,22.45,26.48,26.96,23.74,26.17,27.32,25.56,23.46,21.77
mean temperature - ssp1 - 2061-2080 - annual,26.73,25.57,24.27,27.29,21.93,25.56,23.95,24.15,24.17,22.67,26.63,27.11,23.89,26.34,27.47,25.72,23.65,21.99
mean temperature - ssp1 - 2081-2100 - annual,26.68,25.49,24.21,27.26,21.83,25.53,23.85,24.06,24.08,22.56,26.61,27.09,23.85,26.27,27.41,25.65,23.57,21.89
mean temperature - ssp2 - 2021-2040 - annual,26.22,24.97,23.57,26.8,21.26,24.83,23.35,23.48,23.57,22.04,26.03,26.43,23.27,25.61,26.76,25.09,22.94,21.31
mean temperature - ssp2 - 2041-2060 - annual,26.77,25.51,24.16,27.37,21.85,25.39,23.91,24.05,24.11,22.63,26.59,27,23.82,26.18,27.34,25.65,23.53,21.91
mean temperature - ssp2 - 2061-2080 - annual,27.31,26.19,24.73,27.92,22.45,25.92,24.56,24.69,24.77,23.26,27.13,27.54,24.33,26.84,27.99,26.33,24.15,22.51
mean temperature - ssp2 - 2081-2100 - annual,27.65,26.61,25.14,28.27,22.89,26.33,24.98,25.11,25.19,23.71,27.48,27.91,24.68,27.23,28.39,26.72,24.55,22.92
mean temperature - ssp3 - 2021-2040 - annual,26.2,24.98,23.61,26.76,21.27,24.92,23.35,23.47,23.56,22.04,26.06,26.49,23.34,25.59,26.74,25.09,22.93,21.32
mean temperature - ssp3 - 2041-2060 - annual,26.99,25.73,24.39,27.56,22.03,25.71,24.12,24.23,24.32,22.83,26.86,27.3,24.13,26.35,27.51,25.83,23.7,22.08
mean temperature - ssp3 - 2061-2080 - annual,27.83,26.73,25.35,28.43,23.02,26.63,25.11,25.21,25.31,23.81,27.73,28.19,24.96,27.35,28.5,26.84,24.68,23.06
mean temperature - ssp3 - 2081-2100 - annual,28.83,27.85,26.38,29.46,24.07,27.65,26.21,26.29,26.4,24.9,28.75,29.23,25.96,28.43,29.56,27.94,25.73,24.11
mean temperature - ssp5 - 2021-2040 - annual,26.26,25.01,23.61,26.82,21.3,24.83,23.38,23.49,23.58,22.06,26.06,26.45,23.31,25.64,26.8,25.12,22.97,21.35
mean temperature - ssp5 - 2041-2060 - annual,27.24,26.13,24.68,27.84,22.39,25.9,24.49,24.58,24.68,23.17,27.09,27.5,24.31,26.73,27.89,26.23,24.06,22.43
mean temperature - ssp5 - 2061-2080 - annual,28.4,27.51,25.94,29.04,23.73,27.1,25.86,25.93,26.05,24.55,28.26,28.7,25.44,28.06,29.2,27.57,25.36,23.74
mean temperature - ssp5 - 2081-2100 - annual,29.74,29.05,27.4,30.42,25.19,28.52,27.39,27.43,27.57,26.04,29.63,30.1,26.76,29.56,30.7,29.1,26.85,25.22
mean temperature - historical - mar - may,26.38,25.45,23.52,27.5,21,25.23,23.62,23.73,23.86,22.08,26.72,27.23,23.55,26.05,27.25,25.64,23.08,21.47
mean temperature - ssp1 - 2021-2040 - mar - may,27.77,26.96,25,28.92,22.48,26.81,25.15,25.25,25.41,23.61,28.19,28.78,25,27.51,28.68,27.09,24.55,22.93
mean temperature - ssp1 - 2041-2060 - mar - may,28.15,27.42,25.42,29.29,22.84,27.21,25.57,25.69,25.83,23.96,28.56,29.16,25.37,28.09,29.25,27.59,25.04,23.33
mean temperature - ssp1 - 2061-2080 - mar - may,28.31,27.58,25.64,29.47,23.09,27.42,25.76,25.95,26.03,24.19,28.73,29.35,25.53,28.28,29.44,27.73,25.28,23.59
mean temperature - ssp1 - 2081-2100 - mar - may,28.29,27.65,25.65,29.5,23.02,27.48,25.79,25.96,26.06,24.15,28.77,29.42,25.53,28.37,29.52,27.83,25.3,23.55
mean temperature - ssp2 - 2021-2040 - mar - may,27.76,26.85,24.88,28.92,22.38,26.62,25.06,25.16,25.32,23.53,28.09,28.62,24.87,27.41,28.59,27,24.43,22.83
mean temperature - ssp2 - 2041-2060 - mar - may,28.4,27.48,25.5,29.59,23.04,27.2,25.7,25.8,25.93,24.19,28.71,29.23,25.47,28.07,29.27,27.65,25.11,23.5
mean temperature - ssp2 - 2061-2080 - mar - may,28.95,28.2,26.12,30.17,23.65,27.79,26.35,26.47,26.63,24.8,29.3,29.82,26.03,28.76,29.94,28.38,25.75,24.12
mean temperature - ssp2 - 2081-2100 - mar - may,29.34,28.7,26.61,30.54,24.2,28.27,26.88,26.99,27.15,25.38,29.69,30.24,26.41,29.23,30.4,28.84,26.23,24.62
mean temperature - ssp3 - 2021-2040 - mar - may,30.68,30.1,27.91,31.92,25.36,29.67,28.23,28.27,28.46,26.61,31.16,31.73,27.86,30.56,31.71,30.22,27.52,25.88
mean temperature - ssp3 - 2041-2060 - mar - may,28.65,27.73,25.77,29.82,23.23,27.6,25.95,26.03,26.19,24.46,29.06,29.62,25.86,28.26,29.46,27.86,25.3,23.7
mean temperature - ssp3 - 2061-2080 - mar - may,29.56,28.87,26.82,30.76,24.3,28.57,27.05,27.12,27.29,25.49,29.99,30.57,26.75,29.38,30.55,28.99,26.4,24.78
mean temperature - ssp3 - 2081-2100 - mar - may,30.68,30.1,27.91,31.92,25.36,29.67,28.23,28.27,28.46,26.61,31.16,31.73,27.86,30.56,31.71,30.22,27.52,25.88
mean temperature - ssp5 - 2021-2040 - mar - may,27.74,26.81,24.77,28.9,22.27,26.5,24.96,25.03,25.2,23.38,28.04,28.54,24.84,27.33,28.53,26.94,24.35,22.73
mean temperature - ssp5 - 2041-2060 - mar - may,28.79,28.1,25.97,29.99,23.49,27.69,26.24,26.26,26.45,24.65,29.16,29.7,25.91,28.56,29.76,28.2,25.55,23.93
mean temperature - ssp5 - 2061-2080 - mar - may,30.12,29.76,27.36,31.38,24.96,28.99,27.88,27.82,28.07,26.22,30.48,31.03,27.17,30.09,31.24,29.78,27.03,25.4
mean temperature - ssp5 - 2081-2100 - mar - may,31.65,31.49,29,32.97,26.57,30.62,29.6,29.53,29.79,27.88,32.09,32.67,28.7,31.82,32.96,31.53,28.74,27.07
mean temperature - historical - may - oct,25.84,25.68,24.98,26.2,23.01,25.64,24.34,24.55,24.52,23.51,25.86,26.67,23.33,26.22,27.41,25.57,23.94,22.51
mean temperature - ssp1 - 2021-2040 - may - oct,27.02,26.86,26.3,27.34,24.3,27.03,25.54,25.79,25.73,24.79,27.11,27.99,24.61,27.43,28.63,26.76,25.18,23.76
mean temperature - ssp1 - 2041-2060 - may - oct,27.33,27.23,26.64,27.64,24.64,27.34,25.89,26.15,26.08,25.12,27.42,28.31,24.92,27.85,29.04,27.13,25.56,24.11
mean temperature - ssp1 - 2061-2080 - may - oct,27.44,27.35,26.74,27.74,24.79,27.44,26.03,26.31,26.21,25.29,27.52,28.4,25.03,27.96,29.12,27.23,25.69,24.26
mean temperature - ssp1 - 2081-2100 - may - oct,27.44,27.35,26.72,27.77,24.73,27.44,26,26.29,26.2,25.23,27.54,28.42,25.03,27.97,29.14,27.26,25.67,24.22
mean temperature - ssp2 - 2021-2040 - may - oct,27.02,26.87,26.18,27.35,24.23,26.85,25.54,25.76,25.73,24.76,27.04,27.85,24.51,27.4,28.6,26.75,25.12,23.7
mean temperature - ssp2 - 2041-2060 - may - oct,27.56,27.38,26.75,27.89,24.83,27.4,26.06,26.31,26.25,25.33,27.58,28.41,25.05,27.94,29.15,27.27,25.69,24.28
mean temperature - ssp2 - 2061-2080 - may - oct,28.08,28.02,27.36,28.42,25.45,27.96,26.7,26.95,26.89,25.97,28.12,28.96,25.58,28.57,29.78,27.91,26.31,24.91
mean temperature - ssp2 - 2081-2100 - may - oct,28.45,28.42,27.75,28.79,25.89,28.37,27.09,27.36,27.29,26.4,28.5,29.34,25.96,28.95,30.17,28.3,26.7,25.31
mean temperature - ssp3 - 2021-2040 - may - oct,27.07,26.95,26.34,27.38,24.36,27.05,25.61,25.85,25.8,24.86,27.14,28.01,24.65,27.49,28.7,26.84,25.23,23.81
mean temperature - ssp3 - 2041-2060 - may - oct,27.84,27.69,27.08,28.15,25.09,27.8,26.37,26.59,26.55,25.63,27.92,28.79,25.42,28.21,29.42,27.56,25.96,24.55
mean temperature - ssp3 - 2061-2080 - may - oct,28.72,28.64,28.08,29.05,26.12,28.78,27.32,27.58,27.51,26.59,28.85,29.75,26.32,29.2,30.42,28.54,26.95,25.56
mean temperature - ssp3 - 2081-2100 - may - oct,29.72,29.74,29.13,30.05,27.22,29.82,28.41,28.67,28.61,27.72,29.88,30.79,27.34,30.26,31.47,29.61,28.01,26.63
mean temperature - ssp5 - 2021-2040 - may - oct,27.12,26.93,26.3,27.43,24.36,26.95,25.6,25.85,25.8,24.84,27.14,27.96,24.62,27.49,28.69,26.84,25.23,23.82
mean temperature - ssp5 - 2041-2060 - may - oct,28.06,27.96,27.28,28.37,25.36,27.92,26.63,26.85,26.81,25.88,28.09,28.92,25.57,28.47,29.67,27.83,26.21,24.81
mean temperature - ssp5 - 2061-2080 - may - oct,29.21,29.27,28.58,29.55,26.75,29.17,27.95,28.19,28.13,27.25,29.3,30.17,26.73,29.79,31,29.13,27.54,26.16
mean temperature - ssp5 - 2081-2100 - may - oct,30.6,30.73,30.08,30.94,28.25,30.65,29.4,29.67,29.61,28.71,30.73,31.62,28.14,31.26,32.47,30.6,29.02,27.65
mean temperature - historical - nov - apr,24.2,21.77,19.79,24.98,17.08,21.65,19.86,19.92,20.11,18.03,23.87,23.86,20.91,22.56,23.69,22.14,19.53,17.72
mean temperature - ssp1 - 2021-2040 - nov - apr,25.45,23.14,21.12,26.26,18.39,23.04,21.22,21.26,21.47,19.38,25.16,25.2,22.19,23.89,25,23.49,20.85,19.01
mean temperature - ssp1 - 2041-2060 - nov - apr,25.84,23.58,21.56,26.65,18.8,23.45,21.64,21.7,21.89,19.78,25.54,25.61,22.56,24.48,25.59,23.99,21.36,19.44
mean temperature - ssp1 - 2061-2080 - nov - apr,26.01,23.8,21.8,26.84,19.07,23.69,21.88,22,22.13,20.05,25.74,25.82,22.75,24.72,25.81,24.2,21.62,19.72
mean temperature - ssp1 - 2081-2100 - nov - apr,25.91,23.62,21.69,26.76,18.92,23.62,21.7,21.83,21.95,19.88,25.68,25.77,22.67,24.58,25.68,24.05,21.47,19.57
mean temperature - ssp2 - 2021-2040 - nov - apr,25.42,23.06,20.97,26.25,18.29,22.81,21.16,21.2,21.42,19.32,25.03,25.02,22.03,23.81,24.92,23.43,20.75,18.92
mean temperature - ssp2 - 2041-2060 - nov - apr,25.99,23.65,21.56,26.86,18.88,23.37,21.76,21.78,21.98,19.93,25.61,25.6,22.58,24.42,25.53,24.02,21.37,19.53
mean temperature - ssp2 - 2061-2080 - nov - apr,26.53,24.35,22.11,27.43,19.45,23.87,22.42,22.43,22.66,20.54,26.13,26.11,23.09,25.1,26.19,24.74,22,20.12
mean temperature - ssp2 - 2081-2100 - nov - apr,26.85,24.8,22.53,27.75,19.89,24.28,22.87,22.85,23.1,21.02,26.46,26.47,23.41,25.51,26.61,25.15,22.4,20.52
mean temperature - ssp3 - 2021-2040 - nov - apr,25.34,23.02,20.88,26.14,18.18,22.78,21.09,21.09,21.32,19.21,24.97,24.97,22.04,23.69,24.78,23.33,20.64,18.82
mean temperature - ssp3 - 2041-2060 - nov - apr,26.15,23.78,21.7,26.98,18.97,23.62,21.88,21.87,22.1,20.03,25.8,25.82,22.83,24.48,25.6,24.09,21.44,19.62
mean temperature - ssp3 - 2061-2080 - nov - apr,26.94,24.82,22.62,27.81,19.92,24.47,22.91,22.84,23.1,21.02,26.6,26.64,23.6,25.49,26.58,25.13,22.41,20.57
mean temperature - ssp3 - 2081-2100 - nov - apr,27.95,25.96,23.63,28.86,20.93,25.48,24.01,23.92,24.19,22.08,27.63,27.67,24.57,26.59,27.66,26.27,23.46,21.59
mean temperature - ssp5 - 2021-2040 - nov - apr,25.4,23.08,20.91,26.21,18.23,22.71,21.15,21.13,21.37,19.27,24.98,24.94,22,23.78,24.9,23.41,20.72,18.88
mean temperature - ssp5 - 2041-2060 - nov - apr,26.43,24.29,22.08,27.3,19.41,23.87,22.35,22.32,22.55,20.46,26.08,26.08,23.04,24.99,26.1,24.63,21.9,20.05
mean temperature - ssp5 - 2061-2080 - nov - apr,27.59,25.74,23.3,28.52,20.7,25.03,23.77,23.67,23.96,21.85,27.22,27.24,24.14,26.33,27.4,26.01,23.19,21.33
mean temperature - ssp5 - 2081-2100 - nov - apr,28.88,27.36,24.72,29.89,22.14,26.39,25.37,25.19,25.53,23.37,28.52,28.58,25.37,27.87,28.92,27.6,24.68,22.79
maximum temperature - historical - annual,28.91,29.32,26.54,30.08,24.09,27.68,27.61,27.19,27.74,25.71,29.25,29.65,26.11,29.61,30.71,29.45,26.4,24.59
maximum temperature - ssp1 - 2021-2040 - annual,30.04,30.53,27.74,31.2,25.35,28.87,28.84,28.42,28.97,27.02,30.39,30.81,27.23,30.8,31.89,30.62,27.62,25.8
maximum temperature - ssp1 - 2041-2060 - annual,30.4,30.87,28.12,31.55,25.69,29.22,29.16,28.78,29.31,27.32,30.74,31.17,27.58,31.25,32.34,31.01,28.03,26.16
maximum temperature - ssp1 - 2061-2080 - annual,30.52,31.03,28.29,31.68,25.9,29.39,29.34,28.99,29.48,27.54,30.87,31.31,27.71,31.42,32.5,31.16,28.21,26.36
maximum temperature - ssp1 - 2081-2100 - annual,30.52,30.99,28.26,31.71,25.83,29.39,29.27,28.94,29.44,27.46,30.89,31.34,27.72,31.39,32.47,31.14,28.18,26.31
maximum temperature - ssp2 - 2021-2040 - annual,30.03,30.48,27.67,31.2,25.27,28.81,28.8,28.37,28.94,26.96,30.35,30.76,27.2,30.73,31.81,30.57,27.52,25.72
maximum temperature - ssp2 - 2041-2060 - annual,30.57,30.97,28.25,31.75,25.86,29.35,29.3,28.91,29.43,27.51,30.9,31.31,27.73,31.27,32.38,31.08,28.11,26.32
maximum temperature - ssp2 - 2061-2080 - annual,31.12,31.6,28.82,32.31,26.46,29.9,29.91,29.53,30.06,28.12,31.45,31.87,28.27,31.91,33.01,31.73,28.72,26.92
maximum temperature - ssp2 - 2081-2100 - annual,31.47,31.98,29.22,32.64,26.88,30.31,30.29,29.92,30.44,28.54,31.81,32.23,28.64,32.28,33.39,32.1,29.1,27.3
maximum temperature - ssp3 - 2021-2040 - annual,29.98,30.53,27.64,31.15,25.28,28.73,28.82,28.4,28.95,26.97,30.28,30.68,27.15,30.75,31.83,30.61,27.55,25.75
maximum temperature - ssp3 - 2041-2060 - annual,30.77,31.19,28.38,31.93,25.99,29.5,29.51,29.07,29.63,27.71,31.08,31.48,27.93,31.43,32.53,31.26,28.25,26.46
maximum temperature - ssp3 - 2061-2080 - annual,31.59,32.07,29.35,32.77,26.98,30.44,30.39,30.02,30.54,28.61,31.94,32.37,28.76,32.4,33.5,32.21,29.22,27.44
maximum temperature - ssp3 - 2081-2100 - annual,32.61,33.12,30.37,33.79,28,31.46,31.42,31.06,31.58,29.65,32.99,33.42,29.79,33.44,34.54,33.27,30.25,28.46
maximum temperature - ssp5 - 2021-2040 - annual,30.07,30.46,27.67,31.21,25.27,28.79,28.76,28.33,28.89,26.91,30.36,30.75,27.24,30.72,31.82,30.56,27.53,25.74
maximum temperature - ssp5 - 2041-2060 - annual,31.04,31.51,28.73,32.2,26.35,29.84,29.81,29.4,29.94,28,31.38,31.79,28.23,31.78,32.88,31.61,28.59,26.79
maximum temperature - ssp5 - 2061-2080 - annual,32.21,32.8,29.99,33.39,27.69,31.07,31.1,30.68,31.22,29.33,32.57,33.02,29.38,33.05,34.16,32.87,29.87,28.09
maximum temperature - ssp5 - 2081-2100 - annual,33.59,34.27,31.47,34.78,29.16,32.53,32.56,32.17,32.71,30.76,33.98,34.46,30.75,34.55,35.64,34.39,31.36,29.58
maximum temperature - historical - mar - may,30.66,32.14,27.96,32.35,25.29,29.6,30.3,29.34,30.21,28,31.57,32.05,28.06,31.92,32.99,32.03,28.18,26.34
maximum temperature - ssp1 - 2021-2040 - mar - may,31.93,33.48,29.35,33.66,26.75,30.99,31.69,30.76,31.61,29.48,32.89,33.41,29.32,33.27,34.34,33.32,29.6,27.75
maximum temperature - ssp1 - 2041-2060 - mar - may,32.35,33.87,29.77,34.05,27.07,31.41,32.04,31.16,32,29.75,33.29,33.81,29.73,33.81,34.86,33.79,30.06,28.12
maximum temperature - ssp1 - 2061-2080 - mar - may,32.45,34.06,29.93,34.18,27.3,31.58,32.24,31.4,32.2,29.99,33.41,33.96,29.84,33.99,35.04,33.94,30.26,28.34
maximum temperature - ssp1 - 2081-2100 - mar - may,32.55,34.17,30.03,34.32,27.29,31.72,32.31,31.48,32.29,29.98,33.55,34.12,29.93,34.16,35.2,34.11,30.37,28.39
maximum temperature - ssp2 - 2021-2040 - mar - may,31.99,33.4,29.32,33.69,26.67,31.01,31.63,30.72,31.57,29.43,32.91,33.41,29.37,33.19,34.25,33.25,29.49,27.67
maximum temperature - ssp2 - 2041-2060 - mar - may,32.59,33.9,29.89,34.32,27.29,31.54,32.12,31.25,32.06,29.95,33.49,33.99,29.92,33.75,34.85,33.79,30.11,28.3
maximum temperature - ssp2 - 2061-2080 - mar - may,33.15,34.6,30.55,34.9,27.93,32.18,32.78,31.92,32.74,30.58,34.11,34.63,30.5,34.45,35.54,34.51,30.77,28.94
maximum temperature - ssp2 - 2081-2100 - mar - may,33.6,35.07,31.06,35.31,28.5,32.69,33.26,32.42,33.23,31.11,34.55,35.07,30.95,34.93,36.02,34.97,31.26,29.44
maximum temperature - ssp3 - 2021-2040 - mar - may,31.87,33.34,29.1,33.57,26.55,30.73,31.54,30.61,31.45,29.31,32.73,33.19,29.2,33.06,34.1,33.16,29.36,27.57
maximum temperature - ssp3 - 2041-2060 - mar - may,32.86,34.24,30.11,34.56,27.45,31.8,32.47,31.52,32.39,30.3,33.8,34.28,30.24,34,35.09,34.08,30.32,28.5
maximum temperature - ssp3 - 2061-2080 - mar - may,33.74,35.16,31.2,35.5,28.55,32.81,33.38,32.57,33.35,31.2,34.73,35.24,31.11,35.11,36.2,35.12,31.43,29.6
maximum temperature - ssp3 - 2081-2100 - mar - may,34.87,36.24,32.26,36.64,29.56,33.91,34.39,33.62,34.41,32.19,35.91,36.41,32.26,36.23,37.32,36.29,32.5,30.63
maximum temperature - ssp5 - 2021-2040 - mar - may,31.98,33.3,29.17,33.69,26.51,30.86,31.47,30.53,31.39,29.19,32.87,33.34,29.32,33.06,34.14,33.15,29.37,27.54
maximum temperature - ssp5 - 2041-2060 - mar - may,32.97,34.41,30.33,34.71,27.7,32.01,32.59,31.67,32.52,30.35,33.94,34.46,30.36,34.24,35.32,34.31,30.54,28.7
maximum temperature - ssp5 - 2061-2080 - mar - may,34.33,35.93,31.73,36.08,29.19,33.34,34.1,33.16,34.02,31.85,35.28,35.81,31.65,35.68,36.77,35.76,31.97,30.15
maximum temperature - ssp5 - 2081-2100 - mar - may,35.91,37.54,33.41,37.71,30.78,35.03,35.68,34.81,35.66,33.39,36.96,37.51,33.26,37.4,38.49,37.47,33.68,31.82
maximum temperature - historical - may - oct,29.66,29.85,28.55,30.09,26.57,29.19,28.54,28.48,28.69,27.54,29.57,30.37,26.94,30.22,31.41,29.75,27.64,26.11
maximum temperature - ssp1 - 2021-2040 - may - oct,30.79,31.01,29.78,31.19,27.84,30.42,29.72,29.71,29.88,28.83,30.73,31.56,28.11,31.42,32.61,30.91,28.86,27.34
maximum temperature - ssp1 - 2041-2060 - may - oct,31.1,31.37,30.1,31.49,28.15,30.71,30.05,30.05,30.21,29.13,31.02,31.86,28.4,31.82,33,31.27,29.22,27.66
maximum temperature - ssp1 - 2061-2080 - may - oct,31.18,31.46,30.21,31.58,28.3,30.81,30.16,30.18,30.32,29.29,31.1,31.94,28.49,31.91,33.07,31.35,29.34,27.81
maximum temperature - ssp1 - 2081-2100 - may - oct,31.23,31.51,30.21,31.64,28.27,30.83,30.17,30.2,30.34,29.27,31.16,31.99,28.53,31.95,33.11,31.41,29.35,27.79
maximum temperature - ssp2 - 2021-2040 - may - oct,30.78,31.02,29.72,31.19,27.77,30.37,29.73,29.68,29.88,28.8,30.7,31.52,28.09,31.38,32.56,30.9,28.8,27.27
maximum temperature - ssp2 - 2041-2060 - may - oct,31.3,31.51,30.29,31.71,28.37,30.91,30.22,30.21,30.38,29.34,31.22,32.05,28.6,31.91,33.11,31.4,29.37,27.86
maximum temperature - ssp2 - 2061-2080 - may - oct,31.85,32.18,30.91,32.25,29.01,31.5,30.89,30.88,31.05,30.01,31.79,32.63,29.16,32.57,33.76,32.06,30.01,28.51
maximum temperature - ssp2 - 2081-2100 - may - oct,32.23,32.55,31.32,32.62,29.45,31.91,31.25,31.27,31.43,30.41,32.19,33.03,29.57,32.93,34.13,32.43,30.39,28.91
maximum temperature - ssp3 - 2021-2040 - may - oct,30.82,31.12,29.83,31.22,27.9,30.44,29.81,29.79,29.97,28.9,30.74,31.57,28.12,31.5,32.68,31.01,28.92,27.41
maximum temperature - ssp3 - 2041-2060 - may - oct,31.57,31.83,30.53,31.96,28.59,31.15,30.54,30.48,30.68,29.66,31.5,32.33,28.88,32.18,33.38,31.68,29.62,28.1
maximum temperature - ssp3 - 2061-2080 - may - oct,32.48,32.76,31.57,32.88,29.65,32.18,31.46,31.48,31.64,30.59,32.45,33.32,29.8,33.18,34.38,32.67,30.63,29.14
maximum temperature - ssp3 - 2081-2100 - may - oct,33.51,33.85,32.62,33.9,30.74,33.22,32.56,32.57,32.73,31.72,33.52,34.38,30.87,34.24,35.43,33.75,31.69,30.21
maximum temperature - ssp5 - 2021-2040 - may - oct,30.9,31.08,29.85,31.28,27.91,30.48,29.78,29.76,29.94,28.88,30.81,31.63,28.21,31.46,32.65,30.97,28.91,27.4
maximum temperature - ssp5 - 2041-2060 - may - oct,31.84,32.08,30.82,32.2,28.89,31.44,30.78,30.75,30.93,29.89,31.77,32.59,29.17,32.44,33.62,31.95,29.88,28.38
maximum temperature - ssp5 - 2061-2080 - may - oct,33.02,33.41,32.15,33.41,30.32,32.73,32.11,32.1,32.26,31.27,33.01,33.87,30.35,33.78,34.97,33.27,31.23,29.76
maximum temperature - ssp5 - 2081-2100 - may - oct,34.49,34.83,33.66,34.84,31.81,34.26,33.52,33.57,33.72,32.69,34.5,35.39,31.85,35.24,36.44,34.74,32.72,31.26
maximum temperature - historical - nov - apr,28.17,28.79,24.54,30.07,21.62,26.17,26.68,25.89,26.8,23.88,28.93,28.93,25.27,29,30,29.16,25.16,23.07
maximum temperature - ssp1 - 2021-2040 - nov - apr,29.28,30.04,25.69,31.21,22.86,27.32,27.95,27.13,28.06,25.2,30.04,30.06,26.36,30.17,31.17,30.33,26.37,24.27
maximum temperature - ssp1 - 2041-2060 - nov - apr,29.7,30.38,26.13,31.61,23.24,27.74,28.27,27.52,28.41,25.52,30.45,30.47,26.75,30.68,31.69,30.75,26.84,24.66
maximum temperature - ssp1 - 2061-2080 - nov - apr,29.86,30.61,26.37,31.79,23.49,27.97,28.52,27.79,28.65,25.79,30.64,30.69,26.94,30.92,31.92,30.96,27.09,24.92
maximum temperature - ssp1 - 2081-2100 - nov - apr,29.82,30.48,26.3,31.77,23.39,27.95,28.38,27.68,28.53,25.64,30.63,30.68,26.9,30.84,31.84,30.87,27,24.82
maximum temperature - ssp2 - 2021-2040 - nov - apr,29.28,29.94,25.62,31.21,22.76,27.26,27.87,27.07,27.99,25.12,29.99,29.99,26.31,30.08,31.06,30.24,26.25,24.17
maximum temperature - ssp2 - 2041-2060 - nov - apr,29.84,30.44,26.2,31.8,23.35,27.8,28.38,27.6,28.49,25.68,30.57,30.56,26.86,30.63,31.65,30.77,26.86,24.79
maximum temperature - ssp2 - 2061-2080 - nov - apr,30.38,31.02,26.73,32.36,23.91,28.31,28.93,28.19,29.08,26.22,31.11,31.1,27.38,31.25,32.27,31.4,27.44,25.34
maximum temperature - ssp2 - 2081-2100 - nov - apr,30.72,31.4,27.13,32.66,24.32,28.71,29.32,28.56,29.46,26.66,31.43,31.44,27.71,31.63,32.65,31.77,27.8,25.7
maximum temperature - ssp3 - 2021-2040 - nov - apr,29.15,29.93,25.46,31.07,22.66,27.03,27.83,27.01,27.94,25.05,29.83,29.78,26.17,30.01,30.97,30.21,26.17,24.1
maximum temperature - ssp3 - 2041-2060 - nov - apr,29.96,30.55,26.23,31.89,23.38,27.85,28.49,27.66,28.58,25.76,30.66,30.63,26.98,30.68,31.69,30.83,26.89,24.82
maximum temperature - ssp3 - 2061-2080 - nov - apr,30.7,31.39,27.14,32.66,24.31,28.69,29.32,28.57,29.45,26.63,31.43,31.43,27.71,31.62,32.62,31.75,27.81,25.73
maximum temperature - ssp3 - 2081-2100 - nov - apr,31.72,32.39,28.12,33.69,25.27,29.7,30.28,29.55,30.43,27.59,32.46,32.46,28.7,32.64,33.64,32.8,28.8,26.7
maximum temperature - ssp5 - 2021-2040 - nov - apr,29.25,29.84,25.49,31.15,22.64,27.1,27.73,26.91,27.83,24.95,29.92,29.88,26.26,29.97,30.98,30.14,26.16,24.07
maximum temperature - ssp5 - 2041-2060 - nov - apr,30.23,30.94,26.64,32.19,23.81,28.25,28.83,28.04,28.95,26.11,31,31,27.29,31.12,32.13,31.27,27.3,25.21
maximum temperature - ssp5 - 2061-2080 - nov - apr,31.41,32.18,27.83,33.37,25.06,29.41,30.09,29.27,30.18,27.39,32.14,32.16,28.4,32.32,33.34,32.47,28.5,26.42
maximum temperature - ssp5 - 2081-2100 - nov - apr,32.69,33.71,29.28,34.72,26.51,30.8,31.6,30.77,31.71,28.83,33.46,33.53,29.65,33.85,34.84,34.04,30,27.9
minimum temperature - historical - annual,21.13,18.13,18.23,21.1,16,19.61,16.6,17.29,16.88,15.84,20.48,20.88,18.13,19.16,20.39,18.26,17.07,15.64
minimum temperature - ssp1 - 2021-2040 - annual,22.44,19.47,19.68,22.39,17.34,21.2,17.92,18.63,18.23,17.16,21.88,22.38,19.57,20.53,21.74,19.63,18.41,16.97
minimum temperature - ssp1 - 2041-2060 - annual,22.78,19.94,20.08,22.75,17.74,21.57,18.37,19.07,18.66,17.58,22.23,22.74,19.9,21.08,22.29,20.11,18.89,17.38
minimum temperature - ssp1 - 2061-2080 - annual,22.94,20.12,20.26,22.9,17.97,21.74,18.57,19.32,18.86,17.8,22.38,22.9,20.06,21.26,22.44,20.28,19.09,17.61
minimum temperature - ssp1 - 2081-2100 - annual,22.84,19.98,20.16,22.82,17.83,21.67,18.43,19.18,18.72,17.66,22.32,22.85,19.98,21.16,22.34,20.17,18.96,17.47
minimum temperature - ssp2 - 2021-2040 - annual,22.41,19.45,19.48,22.4,17.25,20.84,17.9,18.58,18.21,17.12,21.72,22.11,19.35,20.49,21.71,19.61,18.35,16.89
minimum temperature - ssp2 - 2041-2060 - annual,22.97,20.05,20.07,22.99,17.85,21.42,18.52,19.19,18.79,17.76,22.29,22.69,19.9,21.09,22.31,20.21,18.95,17.49
minimum temperature - ssp2 - 2061-2080 - annual,23.5,20.77,20.64,23.54,18.45,21.93,19.21,19.85,19.49,18.4,22.8,23.2,20.4,21.77,22.96,20.92,19.59,18.1
minimum temperature - ssp2 - 2081-2100 - annual,23.83,21.24,21.06,23.89,18.9,22.34,19.68,20.3,19.95,18.88,23.15,23.58,20.73,22.19,23.38,21.35,20,18.53
minimum temperature - ssp3 - 2021-2040 - annual,22.43,19.44,19.58,22.37,17.26,21.11,17.88,18.55,18.17,17.1,21.83,22.3,19.54,20.43,21.65,19.57,18.32,16.88
minimum temperature - ssp3 - 2041-2060 - annual,23.22,20.28,20.4,23.2,18.08,21.92,18.74,19.38,19.01,17.95,22.65,23.13,20.32,21.27,22.49,20.39,19.15,17.71
minimum temperature - ssp3 - 2061-2080 - annual,24.07,21.39,21.35,24.09,19.06,22.82,19.84,20.4,20.07,19.01,23.51,24.02,21.16,22.3,23.5,21.46,20.14,18.69
minimum temperature - ssp3 - 2081-2100 - annual,24.07,21.39,21.35,24.09,19.06,22.82,19.84,20.4,20.07,19.01,23.51,24.02,21.16,22.3,23.5,21.46,20.14,18.69
minimum temperature - ssp5 - 2021-2040 - annual,22.44,19.55,19.54,22.43,17.32,20.87,17.99,18.65,18.27,17.21,21.75,22.14,19.39,20.56,21.78,19.69,18.42,16.97
minimum temperature - ssp5 - 2041-2060 - annual,23.44,20.75,20.64,23.47,18.43,21.95,19.17,19.77,19.42,18.35,22.79,23.21,20.38,21.69,22.9,20.84,19.52,18.06
minimum temperature - ssp5 - 2061-2080 - annual,24.59,22.22,21.9,24.69,19.77,23.14,20.62,21.18,20.87,19.77,23.95,24.39,21.49,23.07,24.25,22.27,20.86,19.4
minimum temperature - ssp5 - 2081-2100 - annual,25.89,23.83,23.33,26.05,21.23,24.52,22.22,22.69,22.42,21.32,25.27,25.75,22.76,24.58,25.75,23.81,22.34,20.86
minimum temperature - historical - mar - may,29.7,25.98,26.18,30.38,23.12,28.31,23.61,24.98,24.28,22.52,29.47,30.25,25.77,27.57,29.32,26.39,24.69,22.86
minimum temperature - ssp1 - 2021-2040 - mar - may,23.61,20.43,20.66,24.18,18.22,22.63,18.61,19.74,19.2,17.75,23.49,24.15,20.67,21.74,23.02,20.85,19.51,18.1
minimum temperature - ssp1 - 2041-2060 - mar - may,23.94,20.96,21.07,24.53,18.61,23,19.1,20.21,19.67,18.17,23.83,24.51,21,22.36,23.64,21.39,20.03,18.54
minimum temperature - ssp1 - 2061-2080 - mar - may,24.18,21.11,21.34,24.75,18.88,23.26,19.28,20.5,19.86,18.38,24.06,24.73,21.22,22.57,23.83,21.53,20.3,18.84
minimum temperature - ssp1 - 2081-2100 - mar - may,24.03,21.13,21.28,24.67,18.75,23.23,19.28,20.44,19.84,18.31,24,24.72,21.12,22.58,23.84,21.56,20.23,18.71
minimum temperature - ssp2 - 2021-2040 - mar - may,23.54,20.29,20.44,24.15,18.09,22.23,18.48,19.6,19.06,17.64,23.26,23.82,20.38,21.62,22.94,20.75,19.37,17.98
minimum temperature - ssp2 - 2041-2060 - mar - may,24.21,21.05,21.11,24.86,18.79,22.86,19.27,20.35,19.81,18.44,23.93,24.47,21.03,22.39,23.68,21.51,20.11,18.69
minimum temperature - ssp2 - 2061-2080 - mar - may,24.75,21.79,21.68,25.45,19.37,23.4,19.93,21.02,20.51,19.02,24.48,25.02,21.55,23.07,24.33,22.25,20.74,19.3
minimum temperature - ssp2 - 2081-2100 - mar - may,24.66,24.29,24.19,24.95,22.33,24.82,22.93,23.45,23.16,22.38,24.81,25.66,22.34,24.97,26.2,24.16,23.01,21.71
minimum temperature - ssp3 - 2021-2040 - mar - may,23.48,20.26,20.41,24.01,18.04,22.35,18.42,19.53,18.98,17.57,23.27,23.88,20.51,21.49,22.77,20.65,19.26,17.9
minimum temperature - ssp3 - 2041-2060 - mar - may,24.45,21.22,21.44,25.08,19.02,23.39,19.43,20.55,20,18.61,24.33,24.96,21.48,22.51,23.82,21.64,20.28,18.91
minimum temperature - ssp3 - 2061-2080 - mar - may,25.37,22.57,22.44,26.01,20.05,24.34,20.73,21.68,21.22,19.79,25.26,25.9,22.39,23.65,24.91,22.85,21.36,19.96
minimum temperature - ssp3 - 2081-2100 - mar - may,26.48,23.95,23.56,27.19,21.17,25.44,22.07,22.92,22.51,21.04,26.4,27.05,23.47,24.89,26.1,24.16,22.54,21.13
minimum temperature - ssp5 - 2021-2040 - mar - may,23.51,20.32,20.37,24.11,18.03,22.13,18.45,19.54,19.01,17.58,23.22,23.74,20.35,21.6,22.92,20.73,19.33,17.92
minimum temperature - ssp5 - 2041-2060 - mar - may,24.62,21.79,21.61,25.26,19.28,23.36,19.89,20.84,20.38,18.94,24.38,24.95,21.47,22.89,24.19,22.08,20.57,19.16
minimum temperature - ssp5 - 2061-2080 - mar - may,25.92,23.58,22.98,26.67,20.72,24.64,21.65,22.49,22.12,20.59,25.68,26.26,22.7,24.5,25.72,23.8,22.1,20.66
minimum temperature - ssp5 - 2081-2100 - mar - may,27.39,25.44,24.59,28.22,22.35,26.2,23.51,24.24,23.93,22.37,27.22,27.83,24.15,26.25,27.43,25.58,23.79,22.32
minimum temperature - historical - may - oct,22.03,21.5,21.42,22.3,19.45,22.1,20.15,20.62,20.35,19.48,22.16,22.97,19.72,22.21,23.41,21.4,20.24,18.91
minimum temperature - ssp1 - 2021-2040 - may - oct,23.24,22.71,22.81,23.48,20.76,23.64,21.36,21.87,21.58,20.76,23.5,24.42,21.11,23.44,24.65,22.61,21.49,20.18
minimum temperature - ssp1 - 2041-2060 - may - oct,23.57,23.09,23.17,23.8,21.13,23.97,21.73,22.25,21.95,21.11,23.82,24.75,21.44,23.88,25.09,23,21.9,20.56
minimum temperature - ssp1 - 2061-2080 - may - oct,23.7,23.24,23.28,23.91,21.29,24.08,21.9,22.43,22.11,21.29,23.94,24.85,21.57,24,25.18,23.12,22.03,20.71
minimum temperature - ssp1 - 2081-2100 - may - oct,23.66,23.2,23.24,23.89,21.2,24.05,21.83,22.38,22.06,21.2,23.92,24.84,21.53,23.99,25.17,23.1,21.99,20.64
minimum temperature - ssp2 - 2021-2040 - may - oct,23.26,22.71,22.64,23.51,20.69,23.32,21.35,21.85,21.57,20.72,23.37,24.19,20.94,23.43,24.64,22.61,21.45,20.12
minimum temperature - ssp2 - 2041-2060 - may - oct,23.81,23.24,23.22,24.06,21.29,23.89,21.9,22.41,22.11,21.32,23.93,24.76,21.5,23.97,25.2,23.14,22.02,20.7
minimum temperature - ssp2 - 2061-2080 - may - oct,24.32,23.86,23.8,24.59,21.89,24.43,22.51,23.03,22.73,21.93,24.45,25.29,22,24.58,25.81,23.76,22.62,21.3
minimum temperature - ssp2 - 2081-2100 - may - oct,24.66,24.29,24.19,24.95,22.33,24.82,22.93,23.45,23.16,22.38,24.81,25.66,22.34,24.97,26.2,24.16,23.01,21.71
minimum temperature - ssp3 - 2021-2040 - may - oct,23.32,22.78,22.85,23.54,20.81,23.67,21.42,21.92,21.64,20.82,23.54,24.45,21.17,23.49,24.71,22.68,21.53,20.22
minimum temperature - ssp3 - 2041-2060 - may - oct,24.1,23.56,23.62,24.33,21.59,24.45,22.2,22.69,22.41,21.6,24.35,25.26,21.96,24.25,25.47,23.43,22.3,20.99
minimum temperature - ssp3 - 2061-2080 - may - oct,24.97,24.53,24.59,25.23,22.6,25.39,23.18,23.67,23.39,22.6,25.25,26.19,22.84,25.23,26.46,24.41,23.28,21.98
minimum temperature - ssp3 - 2081-2100 - may - oct,25.93,25.62,25.64,26.21,23.69,26.41,24.27,24.77,24.48,23.72,26.24,27.2,23.8,26.29,27.5,25.48,24.33,23.06
minimum temperature - ssp5 - 2021-2040 - may - oct,23.34,22.79,22.76,23.59,20.82,23.42,21.43,21.93,21.65,20.81,23.46,24.28,21.03,23.52,24.74,22.7,21.55,20.24
minimum temperature - ssp5 - 2041-2060 - may - oct,24.27,23.85,23.75,24.53,21.84,24.4,22.49,22.96,22.69,21.88,24.42,25.25,21.98,24.5,25.72,23.7,22.53,21.24
minimum temperature - ssp5 - 2061-2080 - may - oct,25.41,25.14,25.02,25.7,23.19,25.62,23.78,24.27,23.99,23.23,25.6,26.46,23.11,25.81,27.03,24.99,23.84,22.56
minimum temperature - ssp5 - 2081-2100 - may - oct,26.72,26.64,26.49,27.04,24.69,27.05,25.28,25.78,25.5,24.74,26.96,27.86,24.44,27.27,28.5,26.47,25.32,24.04
minimum temperature - historical - nov - apr,20.23,14.76,15.04,19.89,12.55,17.12,13.04,13.95,13.42,12.19,18.81,18.79,16.55,16.12,17.37,15.13,13.9,12.36
minimum temperature - ssp1 - 2021-2040 - nov - apr,21.63,16.23,16.54,21.31,13.92,18.76,14.48,15.38,14.88,13.56,20.27,20.34,18.03,17.62,18.83,16.65,15.33,13.76
minimum temperature - ssp1 - 2041-2060 - nov - apr,21.98,16.79,16.98,21.7,14.35,19.16,15.01,15.88,15.37,14.05,20.64,20.74,18.37,18.28,19.5,17.23,15.88,14.21
minimum temperature - ssp1 - 2061-2080 - nov - apr,22.17,16.99,17.23,21.89,14.65,19.4,15.24,16.21,15.61,14.31,20.83,20.95,18.56,18.53,19.7,17.44,16.15,14.52
minimum temperature - ssp1 - 2081-2100 - nov - apr,22.01,16.77,17.07,21.75,14.46,19.29,15.03,15.99,15.38,14.12,20.72,20.85,18.44,18.32,19.51,17.23,15.94,14.31
minimum temperature - ssp2 - 2021-2040 - nov - apr,21.56,16.19,16.32,21.29,13.81,18.36,14.45,15.32,14.85,13.51,20.06,20.04,17.76,17.55,18.78,16.61,15.25,13.66
minimum temperature - ssp2 - 2041-2060 - nov - apr,22.13,16.86,16.92,21.91,14.41,18.94,15.13,15.96,15.48,14.19,20.65,20.63,18.31,18.21,19.42,17.27,15.89,14.28
minimum temperature - ssp2 - 2061-2080 - nov - apr,22.68,17.68,17.48,22.49,15,19.43,15.91,16.67,16.24,14.87,21.15,21.12,18.8,18.95,20.12,18.08,16.55,14.9
minimum temperature - ssp2 - 2081-2100 - nov - apr,23,18.2,17.93,22.83,15.46,19.86,16.42,17.14,16.73,15.38,21.49,21.51,19.11,19.4,20.57,18.53,17,15.35
minimum temperature - ssp3 - 2021-2040 - nov - apr,21.53,16.1,16.31,21.2,13.71,18.54,14.34,15.18,14.71,13.38,20.11,20.15,17.9,17.38,18.59,16.46,15.1,13.55
minimum temperature - ssp3 - 2041-2060 - nov - apr,22.33,17,17.17,22.07,14.57,19.38,15.27,16.07,15.61,14.29,20.94,21,18.68,18.28,19.51,17.35,16,14.43
minimum temperature - ssp3 - 2061-2080 - nov - apr,23.18,18.25,18.11,22.95,15.52,20.25,16.5,17.12,16.75,15.41,21.77,21.84,19.48,19.37,20.54,18.51,17,15.4
minimum temperature - ssp3 - 2081-2100 - nov - apr,24.18,19.53,19.15,24.03,16.58,21.27,17.74,18.29,17.96,16.58,22.8,22.89,20.45,20.54,21.68,19.74,18.12,16.48
minimum temperature - ssp5 - 2021-2040 - nov - apr,21.55,16.32,16.32,21.27,13.83,18.33,14.56,15.36,14.9,13.6,20.04,20,17.74,17.6,18.81,16.68,15.28,13.69
minimum temperature - ssp5 - 2041-2060 - nov - apr,22.62,17.65,17.52,22.42,15.01,19.5,15.86,16.59,16.16,14.81,21.16,21.16,18.79,18.87,20.08,17.98,16.51,14.89
minimum temperature - ssp5 - 2061-2080 - nov - apr,23.77,19.29,18.77,23.67,16.34,20.66,17.46,18.08,17.74,16.32,22.3,22.32,19.88,20.33,21.47,19.54,17.88,16.24
minimum temperature - ssp5 - 2081-2100 - nov - apr,25.07,21.02,20.16,25.06,17.76,21.99,19.15,19.61,19.35,17.9,23.58,23.63,21.09,21.89,23,21.16,19.36,17.68
solar radiation - historical - annual,223.4,200.86,197.34,226.86,178.61,208.56,193.81,186.98,190.82,183.23,221.43,218.73,215.43,198.35,201.12,200.86,192.91,185.63
solar radiation - ssp1 - 2021-2040 - annual,223.07,200.46,197.34,226.33,179.23,208.49,193.77,187.31,190.94,183.85,221.09,218.52,215.19,198.14,200.78,200.44,192.98,186
solar radiation - ssp1 - 2041-2060 - annual,225.52,203.49,200.4,228.95,181.99,211.47,196.68,190.42,194.04,186.66,223.81,221.44,217.68,201.76,204.42,203.81,196.32,188.89
solar radiation - ssp1 - 2061-2080 - annual,226.09,205.14,201.55,229.68,183.15,212.53,198.4,192.03,195.74,188.31,224.63,222.38,218.39,203.17,205.77,205.32,197.59,190.1
solar radiation - ssp1 - 2081-2100 - annual,227.56,206.84,202.85,231.22,184.32,213.87,200.05,193.42,197.32,189.65,226.03,223.76,219.68,204.64,207.21,206.91,198.94,191.32
solar radiation - ssp2 - 2021-2040 - annual,221.6,196.73,194.84,224.71,176.54,206.21,190.07,184.19,187.44,180.44,219.24,216.4,213.56,194.98,197.66,197.11,190.08,183.34
solar radiation - ssp2 - 2041-2060 - annual,222.86,198.96,196.95,226.13,178.79,208.07,192.34,186.46,189.76,182.78,220.7,218.07,214.86,197.18,199.93,199.32,192.3,185.5
solar radiation - ssp2 - 2061-2080 - annual,224.21,200.76,198.79,227.72,180.41,209.96,194.14,188.25,191.57,184.66,222.43,219.97,216.25,199.22,202.09,201.36,194.13,187.15
solar radiation - ssp2 - 2081-2100 - annual,225.47,202.16,200.28,228.91,181.97,211.48,195.59,189.67,193.03,186.27,223.78,221.34,217.65,200.63,203.51,202.79,195.53,188.5
solar radiation - ssp3 - 2021-2040 - annual,219.56,194.81,192.45,222.49,174.48,203.8,188.06,181.94,185.19,178.34,217.01,214.02,211.52,192.5,195.01,194.69,187.74,181.29
solar radiation - ssp3 - 2041-2060 - annual,219.1,193.61,191.62,221.86,173.74,203.2,186.96,180.91,184.11,177.6,216.51,213.47,211.12,191.2,193.73,193.37,186.62,180.39
solar radiation - ssp3 - 2061-2080 - annual,219.56,193.42,192.4,222.33,174.38,204.12,186.79,181.27,184.17,177.63,217.23,214.33,211.73,191.7,194.35,193.65,187.21,180.96
solar radiation - ssp3 - 2081-2100 - annual,220.13,194.46,193.29,222.76,175.48,204.82,187.98,182.4,185.36,178.95,217.74,214.83,212.28,192.64,195.19,194.66,188.16,181.96
solar radiation - ssp5 - 2021-2040 - annual,221.83,196.99,194.89,224.9,176.7,206.24,190.15,184.19,187.47,180.36,219.35,216.44,213.71,194.93,197.65,197.07,190.1,183.43
solar radiation - ssp5 - 2041-2060 - annual,222.71,199.22,196.69,225.73,178.76,207.84,192.51,186.45,189.83,182.85,220.53,217.77,214.88,197,199.65,199.26,192.02,185.34
solar radiation - ssp5 - 2061-2080 - annual,223.76,200.85,198.39,226.82,180.67,209.55,194.32,188.27,191.64,184.9,221.88,219.32,216.08,198.64,201.2,200.89,193.68,187.04
solar radiation - ssp5 - 2081-2100 - annual,225.35,202.43,200.46,228.51,182.58,211.46,195.91,190.09,193.37,186.52,223.56,221.13,217.6,200.81,203.46,202.93,195.8,188.98
solar radiation - historical - mar - may,251.16,234.17,218.34,254.13,197.67,231.7,226.26,210.71,219.14,212.52,248.63,244.99,244.49,224.93,225.96,231.4,215.65,207.46
solar radiation - ssp1 - 2021-2040 - mar - may,251.12,232.56,218.97,253.82,199.01,231.97,225.15,211.44,218.88,212.55,248.48,244.88,244.54,225.01,226.03,230.78,216.37,208.56
solar radiation - ssp1 - 2041-2060 - mar - may,254.8,238.25,223.82,257.7,203.69,236.75,230.82,216.79,224.55,217.75,252.5,249.32,248.24,230.75,231.59,236.38,221.71,213.39
solar radiation - ssp1 - 2061-2080 - mar - may,255.32,241.68,225.67,258.47,205.8,238.59,234.44,219.88,227.97,221.18,253.83,251.15,249.23,233.51,234.07,239.5,223.97,215.48
solar radiation - ssp1 - 2081-2100 - mar - may,258.03,244.29,228.04,261.34,207.66,240.98,236.79,221.83,230.21,222.83,256.43,253.59,251.69,235.77,236.48,241.8,226.16,217.49
solar radiation - ssp2 - 2021-2040 - mar - may,249.93,226.13,215.4,252.43,194.87,229.19,218.62,206.49,213.05,206.6,246.71,242.66,243.08,220.4,221.64,225.66,212.18,204.59
solar radiation - ssp2 - 2041-2060 - mar - may,251.4,228.99,217.92,254.1,197.71,231.46,221.74,209.28,216.07,209.75,248.39,244.67,244.48,222.85,224.13,228.2,214.71,207.16
solar radiation - ssp2 - 2061-2080 - mar - may,253.19,232.63,221.28,256.26,200.73,234.63,225.36,212.68,219.6,213.35,250.88,247.58,246.55,226.65,228.04,232.02,218.22,210.31
solar radiation - ssp2 - 2081-2100 - mar - may,255.52,235.84,224.14,258.45,203.7,237.38,228.49,215.52,222.6,216.2,253.36,250.03,249.13,229.59,230.86,235.04,221.01,213.04
solar radiation - ssp3 - 2021-2040 - mar - may,218.71,196.85,199.61,217,192.73,206.68,193.45,193.11,192.81,189.74,215.9,212.38,215.16,195.5,196.05,195.93,194.38,193.12
solar radiation - ssp3 - 2041-2060 - mar - may,218.27,195.94,198.52,216.52,191.67,205.81,192.59,192.14,191.9,189.2,215.32,211.69,214.59,194.3,194.88,194.76,193.19,191.99
solar radiation - ssp3 - 2061-2080 - mar - may,219.14,196.41,199.5,217.32,192.61,206.93,193.03,192.89,192.48,189.6,216.39,212.79,215.65,195.11,195.73,195.46,194.05,192.88
solar radiation - ssp3 - 2081-2100 - mar - may,220.17,197.69,200.36,218.13,193.66,207.71,194.47,194.11,193.83,191.09,217.2,213.52,216.59,196.12,196.6,196.58,195.02,193.87
solar radiation - ssp5 - 2021-2040 - mar - may,250.75,228.07,216.11,253.06,195.95,229.62,220.2,207.73,214.56,207.63,247.19,243.08,243.55,221.34,222.33,226.85,213.17,205.61
solar radiation - ssp5 - 2041-2060 - mar - may,251.44,230.87,218.79,254.04,198.89,231.96,223.29,210.92,217.76,210.71,248.55,244.8,244.71,224.4,225.31,229.98,215.95,208.39
solar radiation - ssp5 - 2061-2080 - mar - may,253.19,234.06,221.33,255.72,201.88,234.03,226.54,214.14,221.02,214.04,250.33,246.67,246.49,227.4,228.07,233,218.86,211.24
solar radiation - ssp5 - 2081-2100 - mar - may,255.79,236.89,224.98,258.6,205.01,237.42,229.32,217.17,223.95,216.78,253.25,249.87,249.05,230.89,231.85,236.24,222.43,214.52
solar radiation - historical - may - oct,221.66,200.34,203.11,220.1,195.85,210.39,197.04,196.31,196.37,193.37,219.36,215.92,218.46,198.77,199.66,199.26,197.56,195.97
solar radiation - ssp1 - 2021-2040 - may - oct,221.87,199.82,203.01,220.03,195.99,210.34,196.78,196.23,196.13,193.51,219.36,215.98,218.56,198.53,199.36,198.8,197.53,196.11
solar radiation - ssp1 - 2041-2060 - may - oct,223.35,202,204.77,221.58,197.82,212.09,198.88,198.32,198.3,195.59,221.04,217.74,220.18,200.85,201.61,200.96,199.6,197.9
solar radiation - ssp1 - 2061-2080 - may - oct,223.86,202.74,205.97,222.34,198.79,213.27,199.8,199.38,199.32,196.68,221.83,218.68,220.81,201.81,202.67,201.8,200.65,198.94
solar radiation - ssp1 - 2081-2100 - may - oct,225.32,204.58,206.87,223.69,199.75,214.3,201.66,200.69,200.94,198.09,223.18,219.92,222.18,202.96,203.63,203.22,201.66,199.91
solar radiation - ssp2 - 2021-2040 - may - oct,219.93,197.52,200.7,218.13,193.65,208.01,194.3,194.04,193.79,190.89,217.24,213.72,216.54,196.26,196.93,196.66,195.19,193.87
solar radiation - ssp2 - 2041-2060 - may - oct,221.16,198.96,202.57,219.45,195.47,209.81,195.78,195.57,195.31,192.58,218.61,215.3,217.81,197.83,198.7,198.09,196.93,195.58
solar radiation - ssp2 - 2061-2080 - may - oct,222.4,201.16,204.2,220.72,197.43,211.33,198.13,197.74,197.58,195.04,220.08,216.79,219.17,199.83,200.59,200.26,198.69,197.37
solar radiation - ssp2 - 2081-2100 - may - oct,223.63,201.51,205.22,221.85,198.24,212.56,198.63,198.34,198.11,195.82,221.44,218.09,220.56,200.55,201.44,200.77,199.58,198.17
solar radiation - ssp3 - 2021-2040 - may - oct,218.71,196.85,199.61,217,192.73,206.68,193.45,193.11,192.81,189.74,215.9,212.38,215.16,195.5,196.05,195.93,194.38,193.12
solar radiation - ssp3 - 2041-2060 - may - oct,218.27,195.94,198.52,216.52,191.67,205.81,192.59,192.14,191.9,189.2,215.32,211.69,214.59,194.3,194.88,194.76,193.19,191.99
solar radiation - ssp3 - 2061-2080 - may - oct,219.14,196.41,199.5,217.32,192.61,206.93,193.03,192.89,192.48,189.6,216.39,212.79,215.65,195.11,195.73,195.46,194.05,192.88
solar radiation - ssp3 - 2081-2100 - may - oct,220.17,197.69,200.36,218.13,193.66,207.71,194.47,194.11,193.83,191.09,217.2,213.52,216.59,196.12,196.6,196.58,195.02,193.87
solar radiation - ssp5 - 2021-2040 - may - oct,220.1,197.67,200.93,218.15,194.04,208.23,194.38,194.07,193.82,191.06,217.36,213.83,216.76,196.3,197.06,196.64,195.34,194.11
solar radiation - ssp5 - 2041-2060 - may - oct,221.19,199.16,202.14,219.19,195.3,209.42,195.94,195.5,195.33,192.62,218.53,214.98,217.93,197.64,198.35,198.01,196.57,195.33
solar radiation - ssp5 - 2061-2080 - may - oct,222.02,200.84,203.7,220.04,197.31,211.02,197.91,197.35,197.2,194.93,219.87,216.53,219.11,199.04,199.66,199.47,198.09,197.02
solar radiation - ssp5 - 2081-2100 - may - oct,223.87,201.5,204.83,221.65,198.06,212.29,198.59,197.96,197.78,195.63,221.45,217.96,220.79,200.1,200.89,200.39,199.12,197.87
solar radiation - historical - nov - apr,225.13,201.38,191.56,233.62,161.36,206.72,190.58,177.64,185.27,173.09,223.51,221.53,212.41,197.94,202.58,202.47,188.26,175.29
solar radiation - ssp1 - 2021-2040 - nov - apr,224.27,201.1,191.67,232.62,162.48,206.65,190.75,178.4,185.75,174.19,222.83,221.06,211.82,197.75,202.2,202.08,188.43,175.9
solar radiation - ssp1 - 2041-2060 - nov - apr,227.68,204.98,196.03,236.33,166.17,210.86,194.48,182.52,189.79,177.73,226.57,225.13,215.17,202.66,207.23,206.65,193.03,179.88
solar radiation - ssp1 - 2061-2080 - nov - apr,228.32,207.54,197.14,237.03,167.52,211.78,197.01,184.68,192.17,179.93,227.44,226.09,215.97,204.53,208.86,208.84,194.53,181.26
solar radiation - ssp1 - 2081-2100 - nov - apr,229.8,209.1,198.84,238.75,168.89,213.43,198.45,186.14,193.71,181.2,228.88,227.6,217.18,206.33,210.78,210.59,196.21,182.72
solar radiation - ssp2 - 2021-2040 - nov - apr,223.26,195.95,188.97,231.28,159.43,204.41,185.83,174.35,181.1,169.98,221.25,219.09,210.59,193.7,198.4,197.56,184.98,172.81
solar radiation - ssp2 - 2041-2060 - nov - apr,224.57,198.97,191.34,232.8,162.11,206.33,188.89,177.35,184.2,172.99,222.78,220.83,211.9,196.53,201.16,200.55,187.66,175.42
solar radiation - ssp2 - 2061-2080 - nov - apr,226.03,200.37,193.38,234.72,163.39,208.59,190.15,178.75,185.56,174.28,224.78,223.15,213.34,198.61,203.6,202.46,189.58,176.92
solar radiation - ssp2 - 2081-2100 - nov - apr,227.3,202.81,195.33,235.97,165.7,210.4,192.55,181,187.94,176.72,226.13,224.58,214.74,200.72,205.57,204.81,191.48,178.84
solar radiation - ssp3 - 2021-2040 - nov - apr,220.41,192.76,185.29,227.99,156.22,200.91,182.67,170.76,177.57,166.94,218.12,215.66,207.87,189.49,193.96,193.46,181.09,169.46
solar radiation - ssp3 - 2041-2060 - nov - apr,219.93,191.27,184.73,227.21,155.82,200.59,181.33,169.67,176.32,165.99,217.7,215.25,207.65,188.09,192.58,191.98,180.06,168.78
solar radiation - ssp3 - 2061-2080 - nov - apr,219.98,190.42,185.29,227.34,156.14,201.32,180.56,169.66,175.86,165.67,218.07,215.86,207.8,188.3,192.97,191.84,180.37,169.04
solar radiation - ssp3 - 2081-2100 - nov - apr,220.09,191.23,186.21,227.38,157.3,201.94,181.49,170.7,176.88,166.81,218.27,216.14,207.98,189.16,193.79,192.74,181.3,170.05
solar radiation - ssp5 - 2021-2040 - nov - apr,217.45,189.27,182.72,226.45,151.97,198.35,178.76,167.58,174.27,161.89,215.34,213.2,203.46,186.95,192.02,190.61,178.52,165.86
solar radiation - ssp5 - 2041-2060 - nov - apr,224.24,199.27,191.24,232.26,162.22,206.26,189.07,177.41,184.34,173.09,222.54,220.56,211.83,196.37,200.95,200.5,187.46,175.34
solar radiation - ssp5 - 2061-2080 - nov - apr,225.51,200.87,193.08,233.59,164.03,208.07,190.74,179.2,186.09,174.88,223.89,222.11,213.05,198.24,202.75,202.31,189.28,177.05
solar radiation - ssp5 - 2081-2100 - nov - apr,226.83,203.36,196.08,235.36,167.09,210.63,193.24,182.22,188.95,177.41,225.68,224.3,214.42,201.53,206.03,205.47,192.48,180.09
cooling degree days - historical - annual,4519.28,3800.6,3281.96,5135.72,2198.33,3825.08,3062.75,3036.48,3180.93,2536.54,4290.62,4786.34,2887.73,4318.69,5265.36,3959.37,2707.41,1963.71
cooling degree days - ssp1 - 2021-2040 - annual,5000.43,4313.84,3781.2,5634.26,2639.25,4339.3,3565.11,3555.73,3699.63,2998.74,4792.23,5320.2,3340.71,4850.51,5809.93,4484.16,3211.74,2422.43
cooling degree days - ssp1 - 2041-2060 - annual,5346.1,4622.99,4070.19,5973.62,2894.71,4615.29,3839.63,3820.15,3967.59,3258.92,5103.57,5600.37,3660.43,5168.4,6125.99,4798.71,3503.6,2673.91
cooling degree days - ssp1 - 2061-2080 - annual,5812.83,5099.77,4555.29,6467.28,3327.66,5109.08,4310.06,4320,4455.98,3708.14,5588.65,6107.61,4107.27,5657.24,6619.02,5281.96,3994.79,3114.77
cooling degree days - ssp1 - 2081-2100 - annual,6328.02,5660.17,5026.35,6977.82,3769.8,5608.69,4828.03,4799.44,4960.97,4195.82,6127.04,6639.63,4629.42,6185.44,7160.81,5829.06,4468.75,3576.32
cooling degree days - ssp2 - 2021-2040 - annual,4976.21,4242.03,3715.14,5595.36,2582.51,4277.66,3480.54,3471.52,3612.66,2926.98,4755.77,5265.28,3320.66,4770.68,5725.68,4410.53,3129.06,2348.87
cooling degree days - ssp2 - 2041-2060 - annual,5346.1,4622.99,4070.19,5973.62,2894.71,4615.29,3839.63,3820.15,3967.59,3258.92,5103.57,5600.37,3660.43,5168.4,6125.99,4798.71,3503.6,2673.91
cooling degree days - ssp2 - 2061-2080 - annual,5812.83,5099.77,4555.29,6467.28,3327.66,5109.08,4310.06,4320,4455.98,3708.14,5588.65,6107.61,4107.27,5657.24,6619.02,5281.96,3994.79,3114.77
cooling degree days - ssp2 - 2081-2100 - annual,6328.02,5660.17,5026.35,6977.82,3769.8,5608.69,4828.03,4799.44,4960.97,4195.82,6127.04,6639.63,4629.42,6185.44,7160.81,5829.06,4468.75,3576.32
cooling degree days - ssp3 - 2021-2040 - annual,4906.83,4205.16,3664.59,5522.54,2547.21,4204.46,3451.61,3434.69,3575.85,2892.91,4682.76,5180.07,3247.84,4724.14,5674.79,4366.28,3080.68,2312.87
cooling degree days - ssp3 - 2041-2060 - annual,5346.1,4622.99,4070.19,5973.62,2894.71,4615.29,3839.63,3820.15,3967.59,3258.92,5103.57,5600.37,3660.43,5168.4,6125.99,4798.71,3503.6,2673.91
cooling degree days - ssp3 - 2061-2080 - annual,5812.83,5099.77,4555.29,6467.28,3327.66,5109.08,4310.06,4320,4455.98,3708.14,5588.65,6107.61,4107.27,5657.24,6619.02,5281.96,3994.79,3114.77
cooling degree days - ssp3 - 2081-2100 - annual,6328.02,5660.17,5026.35,6977.82,3769.8,5608.69,4828.03,4799.44,4960.97,4195.82,6127.04,6639.63,4629.42,6185.44,7160.81,5829.06,4468.75,3576.32
cooling degree days - ssp5 - 2021-2040 - annual,5026.86,4302.29,3763.99,5655.35,2638.63,4322.49,3540.28,3515.71,3662.59,2988.27,4809.36,5311.11,3363.55,4824.41,5776.99,4465.55,3181.96,2392.45
cooling degree days - ssp5 - 2041-2060 - annual,5636.4,4955.5,4382.78,6282.38,3147.71,4947.01,4144.51,4120.41,4275.59,3544.1,5430.36,5955.37,3948.61,5500.97,6484.46,5127.45,3808.92,2926.99
cooling degree days - ssp5 - 2061-2080 - annual,6264.93,5633.23,4997.26,6940.91,3749.84,5570.17,4811.53,4775.32,4940.94,4183.43,6054.35,6586.03,4536.58,6156.38,7128.88,5800.85,4440.17,3536.14
cooling degree days - ssp5 - 2081-2100 - annual,6971.07,6455.15,5771.32,7661.48,4485.81,6334.9,5614.56,5551.06,5730.15,4919.82,6781.23,7341.93,5228.52,6958.48,7951.1,6595.96,5230.2,4280.7
