Variable,Bumthang,Chhukha,Dagana,Gasa,Haa,Lhuentse,Mongar,Paro,Pemagatshel,Punakha,Samdrup Jongkhar,Samtse,Sarpang,Tashi Yangtse,Tashigang,Thimphu,Trongsa,Tsirang,Wangdue Phodrang,Zhemgang
precipitation - historical - annual,687.46,2570.04,2237.79,367.86,1250.48,756.02,1313.95,806.23,2431.96,914.37,2188.63,3482.5,2719.09,850.56,1215.54,666.13,1149.05,2186.86,982.47,2071.59
precipitation - ssp1 - 2021-2040 - annual,812.64,2607.48,2280.1,546.92,1334.77,860.29,1356.57,922.17,2440.1,1025.44,2190.21,3514.3,2746.95,935.25,1253.86,806.7,1226.9,2223.92,1092.36,2098.46
precipitation - ssp1 - 2041-2060 - annual,845.49,2652.9,2327.45,574.05,1372.31,893.01,1406.87,957.41,2502.35,1060.56,2254.19,3557.61,2800.38,971.55,1305.96,839.64,1269.14,2274.1,1129.05,2153.98
precipitation - ssp1 - 2061-2080 - annual,785.74,2644.28,2307.14,486.02,1339.77,853.38,1387.03,894.91,2496.89,1017.3,2247.81,3571.3,2781.68,935.61,1277.26,759.13,1236.21,2255.54,1080.52,2137.12
precipitation - ssp1 - 2081-2100 - annual,868.87,2685.82,2351.46,605.09,1417.41,914.9,1424.69,997.09,2511.36,1091.89,2265.76,3603.36,2814.29,993.55,1325.73,875.36,1290.68,2292.34,1154.83,2167.01
precipitation - ssp2 - 2021-2040 - annual,788.02,2601.07,2270.48,519.18,1323.61,840.37,1349.39,903.33,2443.87,1000.72,2199.45,3513.93,2739.8,921.63,1253.58,783.69,1206.44,2213.64,1067.77,2092.32
precipitation - ssp2 - 2041-2060 - annual,826.76,2627.48,2297.23,560.15,1355.06,876.09,1381.74,939.74,2473.6,1041.33,2233.28,3539.66,2765.6,958.92,1290.3,822.84,1242.86,2240.68,1106.77,2121.25
precipitation - ssp2 - 2061-2080 - annual,858.94,2721.71,2390.35,556.8,1406.8,917.35,1451.18,962.9,2541.96,1105.6,2281.83,3638.57,2859.11,995.17,1326.15,831.88,1325.59,2344.6,1173.31,2202.77
precipitation - ssp2 - 2081-2100 - annual,927.29,2703.74,2375.52,663.54,1452.8,972.33,1466.31,1042.87,2536.27,1153.01,2289.11,3619.59,2839.18,1047.83,1364.23,926.44,1343.36,2321.11,1210.66,2197.98
precipitation - ssp3 - 2021-2040 - annual,791.32,2607.13,2275.85,526.21,1334.82,837.74,1349.32,916.69,2442.38,1012.9,2192.88,3520.52,2741.42,915.96,1248.4,796.81,1214.57,2217.82,1078.19,2094.21
precipitation - ssp3 - 2041-2060 - annual,834.5,2647.29,2319.17,577.5,1371.88,876.88,1379.82,957.23,2475.25,1058.98,2223.28,3555.17,2784.99,950.64,1276.36,840.47,1254.12,2261.13,1122.49,2130.65
precipitation - ssp3 - 2061-2080 - annual,910.38,2840.17,2494.65,616.01,1507.48,961.95,1499.04,1041.84,2598.04,1172.84,2325.9,3776.36,2947.51,1033.11,1359.4,904.2,1389.38,2439.22,1241.93,2268.1
precipitation - ssp3 - 2081-2100 - annual,1125.06,2923.62,2597.87,857.71,1673.3,1165.94,1672.9,1262.75,2763.49,1362.59,2512.55,3833.43,3064.52,1243.84,1570.05,1141.39,1549.99,2542.47,1417.83,2417.61
precipitation - ssp5 - 2021-2040 - annual,711.73,2621.98,2277.31,432.38,1306.98,770.06,1295.86,856.86,2412.95,971.41,2161.91,3553.22,2732.8,844.83,1183.37,718.06,1169.66,2215.74,1027.12,2064.41
precipitation - ssp5 - 2041-2060 - annual,861.1,2780.46,2442.5,565.97,1443.2,917.25,1450.07,985.53,2561.88,1116.14,2291.22,3703.8,2903.51,987.14,1313.53,849.14,1333.21,2388.56,1184.94,2226.47
precipitation - ssp5 - 2061-2080 - annual,1031.2,2916.68,2571.93,736.29,1614.37,1082.75,1612.37,1149.16,2695.71,1294.67,2420.05,3861.08,3035.92,1147.35,1461.41,1014.7,1509.12,2527.6,1361.78,2372.56
precipitation - ssp5 - 2081-2100 - annual,1301.53,3286.96,2936.64,988.99,1951.28,1342.95,1934.06,1442.1,3034.92,1578.64,2725.89,4248.46,3411.26,1407.7,1745.64,1296,1831.58,2903.37,1668.48,2726.43
precipitation - historical - jun - sep,462.87,1825.02,1641.97,285.51,858.73,489.19,870.29,563.52,1729.29,655.91,1544.17,2561.82,2058.97,537.41,795.72,482.84,803.06,1634.79,705.93,1484.28
precipitation - ssp1 - 2021-2040 - jun - sep,509.41,1850.76,1665.66,367.42,902.79,523.27,869.97,617.75,1717.36,705.63,1524.64,2587.95,2068.81,556.14,786.77,546.37,828.29,1652.85,752.66,1484.53
precipitation - ssp1 - 2041-2060 - jun - sep,520.68,1869.33,1686.15,382.4,918.02,531.1,887.1,633.6,1743.24,724.4,1549.99,2604.48,2092.27,562.38,801.75,562.4,847.38,1675.31,770.6,1508.05
precipitation - ssp1 - 2061-2080 - jun - sep,542.18,1877.9,1691.98,387.41,926.79,567.34,919.03,634.84,1766.55,743.4,1576.86,2624.37,2099.51,602.45,834.19,560.18,870.78,1684.03,787.29,1524.93
precipitation - ssp1 - 2081-2100 - jun - sep,554.95,1907.64,1716.75,415.76,967.48,565.61,915.21,677.88,1756.53,761.73,1564.35,2654.46,2112.7,597.5,830,602.58,879.67,1701.05,804.89,1528.55
precipitation - ssp2 - 2021-2040 - jun - sep,493.7,1835.77,1648.85,350.15,891.08,510.68,859.61,604.02,1707.37,690.62,1516.28,2577.76,2052.86,546.05,778.44,531.25,813.17,1636.2,735.97,1471.37
precipitation - ssp2 - 2041-2060 - jun - sep,509.1,1845.4,1656.7,374.91,906.31,523.44,865.05,622.03,1711.4,710.8,1523.93,2590.09,2057.15,557.01,786,551.23,825.14,1642.82,752.93,1475.59
precipitation - ssp2 - 2061-2080 - jun - sep,579.64,1917.3,1733.48,432.54,967.71,593.86,930.69,677.38,1758.48,800.17,1559.22,2661.39,2128.62,618.13,830.45,606.38,917.44,1727.12,842.68,1541.49
precipitation - ssp2 - 2081-2100 - jun - sep,603.45,1925.19,1737.45,474.33,1005.36,610.04,940.67,726.47,1769.73,822.72,1572.28,2672.77,2131.19,633.58,847.26,655.35,922.39,1724.34,855.48,1549
precipitation - ssp3 - 2021-2040 - jun - sep,507.39,1862.1,1675.38,365.14,915.57,517.41,872.87,627.69,1722.83,713.59,1526.57,2602.58,2076.12,549.85,786.22,553.67,835.31,1661.83,758.93,1491.23
precipitation - ssp3 - 2041-2060 - jun - sep,538.46,1878.67,1694.11,405.05,934.72,546.85,888.74,652.85,1735.12,746.46,1537.23,2616.11,2094.81,574.36,799.63,582.97,859.3,1681.33,787.92,1507.16
precipitation - ssp3 - 2061-2080 - jun - sep,910.38,2840.17,2494.65,616.01,1507.48,961.95,1499.04,1041.84,2598.04,1172.84,2325.9,3776.36,2947.51,1033.11,1359.4,904.2,1389.38,2439.22,1241.93,2268.1
precipitation - ssp3 - 2081-2100 - jun - sep,751.4,2094.52,1908.56,627.19,1175.13,751.18,1088.66,896.84,1934.3,985.67,1726.67,2836.67,2302.49,771.41,987.09,822.97,1077.22,1893.98,1014.16,1711.91
precipitation - ssp5 - 2021-2040 - jun - sep,462.47,1839.92,1647.04,327.35,885.25,477.85,821.52,589.52,1679.17,688.15,1488.58,2592.43,2038.76,504.36,735.2,511.63,796.01,1630.27,724.09,1446.08
precipitation - ssp5 - 2041-2060 - jun - sep,582.55,1948.21,1759.15,442.07,986.04,595.72,924.22,688.49,1762.2,805.91,1555.66,2697.59,2148.13,612.1,815.84,615.26,919.02,1746.91,848.35,1548.79
precipitation - ssp5 - 2061-2080 - jun - sep,714.31,2069.19,1872.27,583.86,1140.17,720.39,1038.75,834.53,1852.22,957.94,1640.84,2838.44,2252.49,728.68,917.18,760.55,1057.9,1863.76,995.04,1654.72
precipitation - ssp5 - 2081-2100 - jun - sep,891.4,2300.6,2096.52,763.33,1363.3,889.57,1224.57,1030.8,2041.58,1147.82,1803.13,3087.88,2476.28,888.69,1072.95,950.4,1259.66,2092.1,1193.74,1862.87
precipitation - historical - mar - may,158.62,535.67,408.32,50.52,271.48,188.01,304.31,161,504.88,156.63,455.11,665.01,459.59,223.47,290.72,120.74,231.81,360.59,180.21,410.47
precipitation - ssp1 - 2021-2040 - mar - may,171.86,549.94,424.2,58.44,283.29,201.56,325.6,171.55,526.7,168.03,477.18,677.48,478.51,240.03,312.34,130.79,248.78,378.4,194.17,430.68
precipitation - ssp1 - 2041-2060 - mar - may,183.59,567.74,441.08,63.42,296.38,214.37,348.05,180.73,553.58,174.87,503.54,696.16,499.37,255.49,334.38,138.47,263.21,396.19,204.24,453.5
precipitation - ssp1 - 2061-2080 - mar - may,166.93,539.16,411.77,54.59,276.11,198.07,320.1,164.74,523.33,159.22,475.23,669.39,467.76,236.55,308.87,123.97,239.22,365.45,184.08,423.82
precipitation - ssp1 - 2081-2100 - mar - may,178.62,555.35,426.65,64.77,289.96,210.12,335.5,176.49,538.62,171.68,490.58,685.85,481.99,249.79,323.94,135.11,252.97,380.3,197.56,437.7
precipitation - ssp2 - 2021-2040 - mar - may,176.78,566.67,436.81,62.03,296.68,208.28,336.87,179.9,540.73,172.18,492.43,699.38,489.68,249.85,325.87,137.18,254.19,388.6,198.5,440.54
precipitation - ssp2 - 2041-2060 - mar - may,193.78,581.39,456.8,71.66,306.09,223.2,361.19,190.59,569.32,186.74,521.22,706.31,516.35,265.42,348.76,148.62,277.03,413.24,217.35,468.49
precipitation - ssp2 - 2061-2080 - mar - may,196.02,574.81,449.71,75.84,301.54,228.42,362.83,187.84,569.07,186.41,521.15,700.1,509.96,271.94,352.31,147.21,274.74,406.13,216.09,465.11
precipitation - ssp2 - 2081-2100 - mar - may,205.74,590.27,467.56,76.24,310.85,237.92,385.77,194.48,595.68,191.38,546.05,714.06,534.14,284.71,374.22,152.65,290.03,426.65,225.2,490.81
precipitation - ssp3 - 2021-2040 - mar - may,169.71,552.11,422.73,59.51,287.12,200.7,322.15,173.75,522.64,168.2,475.51,683.36,472.55,239.85,311.26,132.2,244.65,374.49,192.52,423.66
precipitation - ssp3 - 2041-2060 - mar - may,183.87,574.93,448.74,65.72,300.82,214.24,347.98,184.76,556.12,178.82,508.92,702.45,505.04,256.81,338.08,142.31,264.97,403.09,207.75,454.61
precipitation - ssp3 - 2061-2080 - mar - may,210.6,606.63,478.83,90.45,329.69,241.01,380.7,210.07,589.41,204.52,538.91,736.43,537.31,283.87,366.47,167.05,294.77,434.16,235.28,487.72
precipitation - ssp3 - 2081-2100 - mar - may,245.69,647.11,523.71,108.87,356.42,279.08,440.98,232.78,658.99,229.8,610.41,770.21,595.22,330.41,429.22,189.24,338,485.11,268.87,549
precipitation - ssp5 - 2021-2040 - mar - may,188.6,572.39,444.6,72.56,301.51,219.6,345.96,186.64,546.46,183.62,496.19,702.04,498.98,259.45,331.68,145.25,266.33,398.11,210.62,449.85
precipitation - ssp5 - 2041-2060 - mar - may,204.4,607.88,482.67,81.23,324.69,235.61,381.26,204.62,596.73,197.89,544.03,733.37,543.98,280.19,366.34,161.09,291.31,438.53,230.35,492.81
precipitation - ssp5 - 2061-2080 - mar - may,225.4,601.52,477.76,94.53,324.46,259.74,407.55,208.16,618.11,208.61,567.78,726.36,548.66,307.46,393.98,167.19,308.18,438.49,242.23,509.72
precipitation - ssp5 - 2081-2100 - mar - may,285.4,698.65,578.97,139.15,398.05,318.19,500.5,269.46,726.16,268.33,670.97,818.27,659.98,372.19,480.74,225.08,389.22,545.66,313.65,614.29
precipitation - historical - oct - nov,46.49,138.7,130.69,21.28,75.01,54.12,97.36,52.78,137.06,64.03,133.56,176.67,143.3,60.73,88.97,41.24,78.15,133.1,63.44,123.14
precipitation - ssp1 - 2021-2040 - oct - nov,50.89,143.15,133.72,26.2,79.73,58.7,100.29,57.17,138.16,68.61,133.4,182.51,145.07,64.5,90.23,45.56,81.85,135.62,67.66,124.91
precipitation - ssp1 - 2041-2060 - oct - nov,63.13,161.27,152.5,34.1,93.1,69.82,118.41,68.4,158.86,79.49,152.28,199.78,166.57,76.25,106.69,56.13,98.04,155.32,80.86,146.09
precipitation - ssp1 - 2061-2080 - oct - nov,58.1,160.47,149.69,34.23,94.82,63.85,107.16,68.86,147.27,78.69,139.93,202.16,159.73,68,94.27,56.02,92.19,150.65,78.29,136.58
precipitation - ssp1 - 2081-2100 - oct - nov,61.62,169.13,157.58,35.51,100.51,68.29,117.62,72.84,160.3,80.91,152.99,211.36,169.58,74.54,105.21,59.23,97.49,158.69,81.59,147.12
precipitation - ssp2 - 2021-2040 - oct - nov,55.16,152.02,142.85,29.09,85.18,62.63,107.61,61.31,148.67,72.41,142.87,190.67,155.65,68.71,96.64,49.37,87.91,144.87,72.55,134.72
precipitation - ssp2 - 2041-2060 - oct - nov,53.72,157.3,147.71,28.83,89.11,60.52,105.03,63.61,144.96,73.28,136.82,196.92,158.05,66.57,93.11,51.01,87.98,148.84,73.61,134.05
precipitation - ssp2 - 2061-2080 - oct - nov,65.21,164.03,154.89,38.89,97.09,71.41,118.73,72.35,157.59,83.75,148.85,203.22,167.81,77.14,105.28,60.22,100.5,157.66,84.58,146.56
precipitation - ssp2 - 2081-2100 - oct - nov,59.52,160.45,148.98,36.49,94.83,66.31,110.8,68.31,150.39,78.59,142.67,203.61,159.74,71.34,98.17,55.92,92.33,150.02,78.12,138.06
precipitation - ssp3 - 2021-2040 - oct - nov,45.22,137.62,129.45,21.75,72.47,52.77,95.98,50.9,138.5,62.49,133.48,175.2,143.24,58.19,86.03,39.84,75.73,131.52,61.28,123.37
precipitation - ssp3 - 2041-2060 - oct - nov,53.76,153.23,142.87,29.44,87.47,60.21,102.45,62.42,140.74,72.52,132.12,194.29,153.18,64.28,88.68,50.11,86.57,143.85,72.23,130.5
precipitation - ssp3 - 2061-2080 - oct - nov,77.82,187.42,176.2,49.36,114.29,84.28,135.64,85.69,176.1,96.04,165.17,228.86,188.49,90.66,120.24,72.65,115.66,177.91,98.47,164.9
precipitation - ssp3 - 2081-2100 - oct - nov,77.06,187.63,175.02,51.15,118.32,82.5,132.55,88.87,173.41,98.43,163.56,231.43,185.29,87.58,117.33,75.25,114.94,176.3,99.75,161.97
precipitation - ssp5 - 2021-2040 - oct - nov,42.58,144.36,133.48,22.86,79.92,49.07,89.95,55.39,131.53,64.04,125.62,185.17,142.78,53.34,78.96,42.97,74.25,133.73,62.08,119.46
precipitation - ssp5 - 2041-2060 - oct - nov,55.72,159.38,148.54,32.98,92.53,62.02,105.67,67.21,146.84,76.49,140.14,199.86,158.83,66.8,93.77,54.58,89.38,149.33,75.7,135.4
precipitation - ssp5 - 2061-2080 - oct - nov,73.82,182.73,171.54,48.84,111.61,79.2,127.67,82.85,169.23,93.68,159.17,225.07,183.49,83.44,112.4,70.14,110.91,173.3,95.43,159.46
precipitation - ssp5 - 2081-2100 - oct - nov,106.28,222.43,208.77,76.92,149.94,111.07,168.7,116.74,208.69,126.82,197.22,269.04,221.58,118.09,152.21,102.46,149.11,211.44,130.63,198.49
precipitation - historical - dec - feb,19.48,70.66,56.82,10.55,45.25,24.7,41.99,28.93,60.73,37.8,55.78,78.99,57.23,28.96,40.13,21.31,36.03,58.37,32.89,53.7
precipitation - ssp1 - 2021-2040 - dec - feb,17.78,63.64,50.29,9.29,38.49,23.38,37.73,24.01,54.66,34.96,50.26,71.23,50.69,27.52,36.85,17.48,32.23,51.89,29.49,47.84
precipitation - ssp1 - 2041-2060 - dec - feb,19.27,68.35,54.72,10.07,42.92,24.76,41.38,27.15,59.62,36.61,55.1,76.39,55.29,29.11,39.95,19.87,34.95,56.29,31.66,52.19
precipitation - ssp1 - 2061-2080 - dec - feb,18.53,67.22,53.71,9.78,42.05,24.12,40.74,26.46,59.73,35.99,55.78,75.38,54.69,28.6,39.93,19.27,34.01,55.4,30.86,51.79
precipitation - ssp1 - 2081-2100 - dec - feb,19.28,69.2,55.61,9.89,43.34,24.7,41.42,27.43,59.88,36.89,55.28,77.09,56.09,29.03,39.91,20.07,35.28,57.21,32.06,52.73
precipitation - ssp2 - 2021-2040 - dec - feb,18.45,66.52,52.77,9.61,41.12,24.02,39.52,25.57,57.06,35.62,52.62,74.71,53.18,28.3,38.42,18.58,33.59,54.26,30.51,50.1
precipitation - ssp2 - 2041-2060 - dec - feb,18.43,67,53.28,9.75,41.67,24.02,39.85,26.21,58.05,35.95,53.6,75.02,53.69,28.32,38.72,19.07,33.63,54.73,30.74,50.62
precipitation - ssp2 - 2061-2080 - dec - feb,18.06,66.03,52.28,9.54,40.46,23.66,38.93,25.33,56.83,35.28,52.61,73.85,52.74,27.95,38.11,18.39,32.91,53.69,29.97,49.61
precipitation - ssp2 - 2081-2100 - dec - feb,18.52,65.51,52.05,9.78,39.85,24.12,39.05,25.09,56.25,35.69,51.95,73.05,52.39,28.36,38.11,18.44,33.34,53.61,30.41,49.38
precipitation - ssp3 - 2021-2040 - dec - feb,19.07,69.01,55.08,10.47,44.57,24.39,40.45,28.51,58.31,37.39,54.08,77.71,55.07,28.67,39.28,20.93,34.99,56.45,32.12,51.56
precipitation - ssp3 - 2041-2060 - dec - feb,18.31,66.75,53.05,9.53,40.93,23.9,39.38,25.56,57.47,35.59,53.16,74.7,53.48,28.22,38.48,18.58,33.39,54.45,30.42,50.21
precipitation - ssp3 - 2061-2080 - dec - feb,18.02,65.19,51.7,9.37,39.72,23.75,39.13,24.97,56.79,35.11,52.6,72.76,52.21,28.11,38.34,18.13,32.77,53.24,29.82,49.37
precipitation - ssp3 - 2081-2100 - dec - feb,17.71,62.58,49.49,8.82,36.71,23.51,38.74,22.5,56.41,33.86,52.86,69.8,50.91,27.99,38.47,16.29,31.97,51.37,28.65,48.67
precipitation - ssp5 - 2021-2040 - dec - feb,18.07,65.79,52.18,9.61,40.3,23.53,38.43,25.32,55.79,35.6,51.52,73.58,52.28,27.68,37.53,18.52,33.07,53.64,30.32,49.02
precipitation - ssp5 - 2041-2060 - dec - feb,18.42,65.48,52.14,9.7,39.95,23.89,38.92,25.2,56.1,35.85,51.39,72.98,52.57,28.05,37.58,18.52,33.49,53.79,30.55,49.47
precipitation - ssp5 - 2061-2080 - dec - feb,17.67,63.71,50.36,9.07,38.12,23.41,38.41,23.63,56.14,34.44,52.26,71.21,51.28,27.77,37.87,17.13,32.13,52.04,29.08,48.66
precipitation - ssp5 - 2081-2100 - dec - feb,18.45,65.78,52.38,9.59,40,24.12,40.29,25.1,58.49,35.66,54.58,73.27,53.42,28.72,39.74,18.38,33.6,54.17,30.46,50.79
mean temperature - historical - annual,3.54,14.79,16.02,-0.79,7.43,7.2,15.57,5.91,19.58,11.45,17.86,18.33,18.95,8.49,11.18,3.4,10.56,17.6,7.57,17.4
mean temperature - ssp1 - 2021-2040 - annual,4.92,16,17.24,0.71,8.72,8.6,16.82,7.26,20.78,12.84,19.07,19.55,20.14,9.85,12.43,4.78,11.85,18.81,8.91,18.61
mean temperature - ssp1 - 2041-2060 - annual,5.34,16.42,17.66,1.12,9.12,9.03,17.24,7.66,21.21,13.23,19.5,19.97,20.57,10.29,12.86,5.18,12.26,19.23,9.32,19.03
mean temperature - ssp1 - 2061-2080 - annual,5.51,16.62,17.85,1.29,9.31,9.2,17.41,7.83,21.38,13.4,19.68,20.17,20.76,10.45,13.02,5.35,12.43,19.42,9.49,19.22
mean temperature - ssp1 - 2081-2100 - annual,5.44,16.55,17.79,1.21,9.22,9.13,17.34,7.74,21.32,13.31,19.61,20.1,20.69,10.38,12.95,5.26,12.36,19.35,9.41,19.15
mean temperature - ssp2 - 2021-2040 - annual,4.9,15.94,17.18,0.7,8.69,8.58,16.79,7.24,20.73,12.82,19.02,19.49,20.09,9.84,12.4,4.76,11.83,18.76,8.89,18.57
mean temperature - ssp2 - 2041-2060 - annual,5.68,16.67,17.92,1.49,9.41,9.37,17.51,7.97,21.43,13.58,19.72,20.21,20.82,10.6,13.11,5.51,12.57,19.49,9.65,19.29
mean temperature - ssp2 - 2061-2080 - annual,6.2,17.2,18.44,2.03,9.91,9.91,18.04,8.47,21.98,14.08,20.28,20.74,21.35,11.14,13.65,6.01,13.08,20.02,10.16,19.82
mean temperature - ssp2 - 2081-2100 - annual,6.71,17.68,18.92,2.55,10.4,10.42,18.52,8.96,22.45,14.58,20.75,21.23,21.82,11.65,14.13,6.51,13.57,20.49,10.65,20.29
mean temperature - ssp3 - 2021-2040 - annual,4.95,15.96,17.21,0.74,8.71,8.64,16.83,7.27,20.76,12.86,19.05,19.5,20.11,9.89,12.45,4.8,11.87,18.78,8.93,18.6
mean temperature - ssp3 - 2041-2060 - annual,5.87,16.79,18.04,1.72,9.57,9.58,17.69,8.15,21.59,13.77,19.9,20.34,20.95,10.81,13.31,5.7,12.74,19.62,9.83,19.44
mean temperature - ssp3 - 2061-2080 - annual,6.94,17.79,19.04,2.84,10.59,10.66,18.7,9.19,22.58,14.83,20.88,21.34,21.94,11.88,14.31,6.75,13.77,20.62,10.87,20.43
mean temperature - ssp3 - 2081-2100 - annual,8.17,18.92,20.16,4.17,11.79,11.9,19.81,10.42,23.65,16.09,21.95,22.49,23.03,13.08,15.42,8,14.94,21.73,12.08,21.53
mean temperature - ssp5 - 2021-2040 - annual,5.01,16,17.25,0.8,8.75,8.71,16.88,7.31,20.8,12.91,19.1,19.54,20.16,9.95,12.49,4.84,11.92,18.82,8.98,18.64
mean temperature - ssp5 - 2041-2060 - annual,6.18,17.12,18.37,2.03,9.87,9.88,17.99,8.45,21.9,14.07,20.2,20.66,21.27,11.12,13.61,6,13.04,19.94,10.13,19.75
mean temperature - ssp5 - 2061-2080 - annual,7.62,18.48,19.72,3.55,11.26,11.34,19.36,9.86,23.24,15.51,21.54,22.04,22.61,12.55,14.97,7.43,14.43,21.29,11.54,21.1
mean temperature - ssp5 - 2081-2100 - annual,9.32,20.07,21.31,5.35,12.91,13.05,20.95,11.54,24.81,17.22,23.1,23.65,24.19,14.22,16.56,9.14,16.06,22.88,13.22,22.68
mean temperature - historical - jun - sep,9.58,19.25,20.42,5.75,12.81,12.9,20.29,11.59,23.85,16.66,22.13,22.28,22.96,13.99,16.15,9.34,15.69,21.83,13.1,21.78
mean temperature - ssp1 - 2021-2040 - jun - sep,10.83,20.33,21.51,7.1,13.98,14.15,21.43,12.81,24.93,17.92,23.22,23.37,24.03,15.22,17.29,10.59,16.88,22.92,14.33,22.88
mean temperature - ssp1 - 2041-2060 - jun - sep,11.22,20.71,21.89,7.47,14.35,14.55,21.82,13.17,25.31,18.29,23.61,23.75,24.41,15.62,17.68,10.95,17.26,23.3,14.7,23.26
mean temperature - ssp1 - 2061-2080 - jun - sep,11.44,20.94,22.12,7.71,14.58,14.76,22.02,13.4,25.51,18.52,23.8,23.99,24.63,15.82,17.87,11.18,17.48,23.52,14.93,23.47
mean temperature - ssp1 - 2081-2100 - jun - sep,11.41,20.9,22.08,7.67,14.52,14.73,21.98,13.34,25.47,18.48,23.76,23.93,24.59,15.78,17.83,11.13,17.45,23.49,14.9,23.43
mean temperature - ssp2 - 2021-2040 - jun - sep,10.85,20.31,21.5,7.1,13.98,14.17,21.44,12.81,24.93,17.93,23.22,23.35,24.02,15.24,17.3,10.59,16.89,22.91,14.33,22.88
mean temperature - ssp2 - 2041-2060 - jun - sep,11.53,20.96,22.15,7.81,14.61,14.84,22.07,13.46,25.54,18.62,23.83,23.98,24.67,15.89,17.92,11.25,17.56,23.57,15.02,23.51
mean temperature - ssp2 - 2061-2080 - jun - sep,12.08,21.48,22.67,8.37,15.14,15.39,22.61,13.99,26.07,19.16,24.36,24.51,25.18,16.43,18.45,11.79,18.09,24.08,15.56,24.04
mean temperature - ssp2 - 2081-2100 - jun - sep,12.56,21.93,23.12,8.9,15.63,15.86,23.05,14.5,26.49,19.67,24.78,24.98,25.62,16.89,18.89,12.3,18.56,24.52,16.04,24.47
mean temperature - ssp3 - 2021-2040 - jun - sep,10.81,20.27,21.46,7.04,13.93,14.14,21.41,12.77,24.9,17.88,23.2,23.3,23.99,15.21,17.28,10.54,16.85,22.87,14.29,22.85
mean temperature - ssp3 - 2041-2060 - jun - sep,11.68,21.06,22.26,7.94,14.73,15,22.23,13.59,25.7,18.75,24,24.09,24.79,16.06,18.1,11.38,17.7,23.68,15.15,23.65
mean temperature - ssp3 - 2061-2080 - jun - sep,12.69,21.98,23.17,9.01,15.7,16,23.16,14.58,26.57,19.77,24.87,25.01,25.68,17.03,19,12.4,18.67,24.59,16.15,24.55
mean temperature - ssp3 - 2081-2100 - jun - sep,13.75,22.93,24.1,10.18,16.78,17.07,24.12,15.69,27.48,20.87,25.77,26.01,26.59,18.07,19.96,13.52,19.68,25.52,17.19,25.48
mean temperature - ssp5 - 2021-2040 - jun - sep,10.88,20.32,21.51,7.13,13.98,14.21,21.47,12.82,24.96,17.95,23.26,23.35,24.04,15.27,17.34,10.61,16.92,22.93,14.35,22.91
mean temperature - ssp5 - 2041-2060 - jun - sep,11.99,21.33,22.52,8.29,15.01,15.31,22.5,13.88,25.95,19.06,24.24,24.36,25.04,16.35,18.35,11.68,17.98,23.94,15.45,23.91
mean temperature - ssp5 - 2061-2080 - jun - sep,13.32,22.56,23.75,9.7,16.33,16.64,23.74,15.23,27.14,20.42,25.43,25.62,26.25,17.65,19.58,13.05,19.27,25.16,16.77,25.13
mean temperature - ssp5 - 2081-2100 - jun - sep,14.76,23.92,25.1,11.22,17.77,18.08,25.1,16.69,28.47,21.88,26.75,27,27.59,19.06,20.94,14.53,20.67,26.51,18.2,26.47
mean temperature - historical - mar - may,3.15,14.85,16.23,-1.31,7.14,6.93,15.78,5.7,19.89,11.32,18.08,18.69,19.31,8.13,11.07,3.13,10.51,17.98,7.37,17.7
mean temperature - ssp1 - 2021-2040 - mar - may,4.39,15.96,17.35,0.11,8.34,8.17,16.89,6.95,20.97,12.58,19.15,19.83,20.4,9.32,12.15,4.41,11.67,19.07,8.57,18.79
mean temperature - ssp1 - 2041-2060 - mar - may,4.82,16.41,17.79,0.51,8.77,8.62,17.32,7.38,21.41,12.99,19.6,20.26,20.85,9.77,12.59,4.83,12.1,19.51,9,19.23
mean temperature - ssp1 - 2061-2080 - mar - may,4.98,16.64,18.02,0.64,8.95,8.78,17.53,7.53,21.65,13.12,19.83,20.49,21.08,9.94,12.8,4.97,12.27,19.74,9.15,19.46
mean temperature - ssp1 - 2081-2100 - mar - may,4.94,16.61,17.98,0.62,8.9,8.74,17.46,7.46,21.58,13.06,19.75,20.46,21.04,9.88,12.72,4.91,12.22,19.7,9.11,19.4
mean temperature - ssp2 - 2021-2040 - mar - may,4.43,15.87,17.27,0.18,8.32,8.21,16.87,6.98,20.9,12.63,19.08,19.72,20.33,9.35,12.13,4.46,11.68,19.01,8.6,18.74
mean temperature - ssp2 - 2041-2060 - mar - may,5.15,16.62,18.01,0.89,9.04,8.95,17.57,7.68,21.6,13.32,19.76,20.48,21.06,10.08,12.82,5.15,12.39,19.74,9.31,19.45
mean temperature - ssp2 - 2061-2080 - mar - may,5.65,17.18,18.57,1.37,9.54,9.47,18.11,8.14,22.17,13.77,20.35,21.03,21.62,10.61,13.37,5.62,12.88,20.29,9.79,20
mean temperature - ssp2 - 2081-2100 - mar - may,6.17,17.66,19.03,1.89,10.02,10.02,18.59,8.62,22.64,14.26,20.83,21.53,22.08,11.16,13.86,6.1,13.36,20.75,10.28,20.47
mean temperature - ssp3 - 2021-2040 - mar - may,4.46,15.89,17.29,0.19,8.34,8.24,16.9,7,20.92,12.66,19.1,19.74,20.34,9.39,12.17,4.47,11.71,19.02,8.63,18.76
mean temperature - ssp3 - 2041-2060 - mar - may,5.41,16.72,18.13,1.19,9.21,9.23,17.77,7.9,21.75,13.57,19.93,20.57,21.18,10.36,13.04,5.39,12.6,19.87,9.54,19.6
mean temperature - ssp3 - 2061-2080 - mar - may,6.42,17.72,19.12,2.22,10.21,10.27,18.77,8.88,22.75,14.55,20.94,21.58,22.17,11.39,14.05,6.38,13.58,20.85,10.52,20.59
mean temperature - ssp3 - 2081-2100 - mar - may,7.61,18.8,20.19,3.52,11.33,11.47,19.82,10.04,23.73,15.77,21.89,22.68,23.21,12.54,15.06,7.57,14.7,21.92,11.7,21.62
mean temperature - ssp5 - 2021-2040 - mar - may,4.43,15.86,17.26,0.17,8.31,8.23,16.87,6.96,20.89,12.62,19.07,19.71,20.31,9.37,12.13,4.44,11.68,18.99,8.6,18.73
mean temperature - ssp5 - 2041-2060 - mar - may,5.56,16.99,18.38,1.34,9.41,9.38,17.97,8.05,22,13.7,20.18,20.84,21.43,10.52,13.24,5.54,12.76,20.11,9.68,19.84
mean temperature - ssp5 - 2061-2080 - mar - may,7.05,18.4,19.78,2.88,10.83,10.89,19.37,9.48,23.36,15.16,21.54,22.27,22.81,12,14.63,6.99,14.18,21.5,11.14,21.22
mean temperature - ssp5 - 2081-2100 - mar - may,8.77,20.02,21.39,4.72,12.51,12.63,20.97,11.19,24.92,16.91,23.08,23.91,24.41,13.69,16.21,8.73,15.84,23.11,12.84,22.8
mean temperature - historical - oct - nov,2.45,14.41,15.54,-1.99,6.65,6.28,14.88,4.87,19.17,10.62,17.53,18.1,18.54,7.72,10.58,2.3,9.72,17.11,6.67,16.84
mean temperature - ssp1 - 2021-2040 - oct - nov,3.99,15.75,16.9,-0.34,8.07,7.83,16.25,6.36,20.47,12.17,18.83,19.44,19.86,9.23,11.93,3.83,11.17,18.46,8.17,18.17
mean temperature - ssp1 - 2041-2060 - oct - nov,4.55,16.31,17.46,0.23,8.58,8.4,16.81,6.89,21.03,12.71,19.4,19.98,20.43,9.8,12.5,4.37,11.71,19.02,8.72,18.73
mean temperature - ssp1 - 2061-2080 - oct - nov,4.58,16.39,17.53,0.29,8.65,8.43,16.84,6.93,21.08,12.74,19.44,20.07,20.49,9.82,12.52,4.41,11.74,19.08,8.75,18.78
mean temperature - ssp1 - 2081-2100 - oct - nov,4.53,16.3,17.44,0.2,8.58,8.39,16.78,6.86,21,12.67,19.36,19.99,20.4,9.79,12.47,4.34,11.68,18.99,8.68,18.7
mean temperature - ssp2 - 2021-2040 - oct - nov,3.91,15.71,16.85,-0.46,7.99,7.75,16.2,6.27,20.43,12.07,18.79,19.39,19.83,9.16,11.89,3.73,11.1,18.41,8.09,18.13
mean temperature - ssp2 - 2041-2060 - oct - nov,4.84,16.55,17.7,0.56,8.86,8.68,17.04,7.17,21.25,13.01,19.61,20.23,20.66,10.05,12.71,4.66,11.98,19.26,9,18.96
mean temperature - ssp2 - 2061-2080 - oct - nov,5.27,17.02,18.18,0.97,9.26,9.13,17.51,7.56,21.76,13.4,20.13,20.68,21.16,10.52,13.2,5.05,12.41,19.74,9.42,19.45
mean temperature - ssp2 - 2081-2100 - oct - nov,5.87,17.57,18.72,1.6,9.82,9.74,18.07,8.13,22.31,13.98,20.66,21.24,21.71,11.11,13.75,5.63,12.98,20.29,9.99,20
mean temperature - ssp3 - 2021-2040 - oct - nov,4.18,15.91,17.06,-0.14,8.22,8.02,16.41,6.53,20.61,12.35,18.96,19.58,20.02,9.41,12.09,4.01,11.34,18.62,8.35,18.33
mean temperature - ssp3 - 2041-2060 - oct - nov,5.04,16.77,17.91,0.8,9.08,8.89,17.24,7.39,21.47,13.23,19.83,20.45,20.87,10.27,12.93,4.88,12.18,19.47,9.21,19.17
mean temperature - ssp3 - 2061-2080 - oct - nov,6.08,17.77,18.92,1.85,10.06,9.95,18.26,8.38,22.48,14.24,20.85,21.44,21.89,11.32,13.94,5.88,13.19,20.48,10.23,20.19
mean temperature - ssp3 - 2081-2100 - oct - nov,7.52,19.11,20.25,3.39,11.47,11.4,19.59,9.83,23.78,15.7,22.14,22.8,23.2,12.74,15.27,7.35,14.57,21.81,11.65,21.5
mean temperature - ssp5 - 2021-2040 - oct - nov,4.12,15.86,17.02,-0.21,8.16,7.97,16.38,6.46,20.59,12.29,18.95,19.53,19.99,9.37,12.06,3.94,11.29,18.58,8.3,18.3
mean temperature - ssp5 - 2041-2060 - oct - nov,5.44,17.15,18.3,1.2,9.45,9.29,17.63,7.77,21.84,13.63,20.2,20.82,21.25,10.66,13.31,5.27,12.57,19.86,9.61,19.54
mean temperature - ssp5 - 2061-2080 - oct - nov,6.97,18.6,19.76,2.8,10.9,10.83,19.09,9.25,23.3,15.13,21.66,22.27,22.71,12.18,14.78,6.77,14.05,21.32,11.11,21.01
mean temperature - ssp5 - 2081-2100 - oct - nov,8.9,20.36,21.51,4.84,12.76,12.77,20.89,11.15,25.02,17.07,23.38,24.05,24.45,14.08,16.56,8.71,15.9,23.07,13,22.76
mean temperature - historical - dec - feb,-3.4,9.03,10.25,-8.18,1.06,0.51,9.53,-0.76,13.84,5.19,12.18,12.87,13.51,2.03,5.08,-3.51,4.31,11.91,1,11.63
mean temperature - ssp1 - 2021-2040 - dec - feb,-1.81,10.42,11.66,-6.5,2.53,2.15,10.98,0.77,15.25,6.76,13.61,14.26,14.89,3.65,6.56,-1.95,5.78,13.3,2.52,13.04
mean temperature - ssp1 - 2041-2060 - dec - feb,-1.46,10.79,12.02,-6.16,2.87,2.51,11.36,1.11,15.64,7.08,14.02,14.63,15.26,4.03,6.95,-1.61,6.12,13.66,2.86,13.41
mean temperature - ssp1 - 2061-2080 - dec - feb,-1.26,10.99,12.21,-5.95,3.06,2.7,11.53,1.3,15.81,7.29,14.19,14.83,15.45,4.21,7.12,-1.41,6.32,13.85,3.06,13.59
mean temperature - ssp1 - 2081-2100 - dec - feb,-1.43,10.88,12.1,-6.16,2.92,2.55,11.41,1.14,15.73,7.08,14.1,14.72,15.35,4.06,7,-1.59,6.17,13.73,2.88,13.49
mean temperature - ssp2 - 2021-2040 - dec - feb,-1.89,10.32,11.56,-6.54,2.45,2.06,10.9,0.71,15.16,6.7,13.53,14.17,14.79,3.57,6.49,-2,5.71,13.2,2.46,12.94
mean temperature - ssp2 - 2041-2060 - dec - feb,-0.45,11.64,12.87,-5.06,3.76,3.55,12.23,2.04,16.48,8.06,14.86,15.48,16.11,5.02,7.82,-0.65,7.04,14.51,3.81,14.26
mean temperature - ssp2 - 2061-2080 - dec - feb,12.56,21.93,23.12,8.9,15.63,15.86,23.05,14.5,26.49,19.67,24.78,24.98,25.62,16.89,18.89,12.3,18.56,24.52,16.04,24.47
mean temperature - ssp2 - 2081-2100 - dec - feb,-1.03,11.08,12.31,-5.69,3.21,2.94,11.68,1.49,15.91,7.51,14.28,14.92,15.54,4.42,7.26,-1.21,6.51,13.96,3.26,13.7
mean temperature - ssp3 - 2021-2040 - dec - feb,-1.84,10.32,11.55,-6.54,2.46,2.13,10.93,0.72,15.16,6.71,13.54,14.17,14.78,3.64,6.52,-1.99,5.73,13.19,2.47,12.95
mean temperature - ssp3 - 2041-2060 - dec - feb,-0.85,11.19,12.43,-5.46,3.38,3.15,11.85,1.67,16.05,7.7,14.44,15.04,15.66,4.64,7.45,-1.01,6.66,14.07,3.43,13.83
mean temperature - ssp3 - 2061-2080 - dec - feb,0.38,12.29,13.53,-4.1,4.51,4.41,12.96,2.85,17.14,8.92,15.53,16.14,16.75,5.86,8.56,0.2,7.8,15.17,4.62,14.93
mean temperature - ssp3 - 2081-2100 - dec - feb,1.73,13.56,14.79,-2.68,5.8,5.76,14.22,4.17,18.39,10.27,16.77,17.42,18,7.18,9.81,1.54,9.09,16.43,5.94,16.18
mean temperature - ssp5 - 2021-2040 - dec - feb,-1.64,10.46,11.69,-6.32,2.61,2.34,11.09,0.88,15.3,6.9,13.67,14.3,14.93,3.84,6.68,-1.81,5.91,13.34,2.66,13.1
mean temperature - ssp5 - 2041-2060 - dec - feb,-0.45,11.62,12.85,-5.08,3.77,3.55,12.25,2.06,16.46,8.09,14.84,15.46,16.08,5.04,7.85,-0.63,7.06,14.49,3.83,14.25
mean temperature - ssp5 - 2061-2080 - dec - feb,1.04,13.03,14.26,-3.49,5.18,5.07,13.67,3.49,17.88,9.56,16.28,16.88,17.49,6.54,9.28,0.84,8.48,15.9,5.27,15.66
mean temperature - ssp5 - 2081-2100 - dec - feb,2.9,14.8,16.03,-1.5,6.94,6.94,15.43,5.29,19.67,11.4,18.07,18.64,19.27,8.38,11.06,2.67,10.26,17.66,7.09,17.43
maximum temperature - historical - annual,8.92,19.02,20.36,4.8,12.54,12.38,20.03,11.49,23.9,17.09,22.12,22.38,23.01,13.57,15.91,9.05,15.3,21.77,12.73,21.59
maximum temperature - ssp1 - 2021-2040 - annual,10.28,20.13,21.48,6.28,13.75,13.74,21.24,12.77,25.03,18.45,23.25,23.48,24.14,14.88,17.1,10.37,16.57,22.91,14.04,22.75
maximum temperature - ssp1 - 2041-2060 - annual,10.69,20.54,21.89,6.67,14.14,14.16,21.65,13.16,25.44,18.84,23.66,23.89,24.55,15.3,17.51,10.76,16.98,23.33,14.44,23.16
maximum temperature - ssp1 - 2061-2080 - annual,10.87,20.77,22.13,6.83,14.35,14.34,21.85,13.34,25.66,19.02,23.88,24.13,24.79,15.48,17.71,10.94,17.18,23.56,14.64,23.38
maximum temperature - ssp1 - 2081-2100 - annual,10.88,20.73,22.08,6.86,14.32,14.34,21.82,13.34,25.6,19.04,23.81,24.09,24.73,15.47,17.67,10.95,17.17,23.51,14.64,23.33
maximum temperature - ssp2 - 2021-2040 - annual,10.21,19.98,21.35,6.22,13.64,13.67,21.13,12.68,24.89,18.38,23.11,23.34,24.01,14.8,16.99,10.29,16.49,22.79,13.96,22.63
maximum temperature - ssp2 - 2041-2060 - annual,10.98,20.72,22.08,7,14.36,14.45,21.86,13.41,25.6,19.13,23.81,24.07,24.73,15.56,17.7,11.03,17.23,23.52,14.72,23.35
maximum temperature - ssp2 - 2061-2080 - annual,11.5,21.28,22.64,7.51,14.91,14.97,22.41,13.95,26.18,19.66,24.4,24.63,25.3,16.09,18.26,11.56,17.77,24.08,15.24,23.91
maximum temperature - ssp2 - 2081-2100 - annual,12.06,21.8,23.15,8.12,15.46,15.53,22.91,14.51,26.66,20.23,24.87,25.16,25.8,16.64,18.76,12.14,18.3,24.59,15.8,24.41
maximum temperature - ssp3 - 2021-2040 - annual,10.22,19.98,21.34,6.22,13.63,13.69,21.15,12.68,24.9,18.38,23.13,23.32,24.01,14.82,17.01,10.29,16.49,22.79,13.96,22.63
maximum temperature - ssp3 - 2041-2060 - annual,11.15,20.79,22.16,7.19,14.48,14.63,22.01,13.56,25.72,19.3,23.95,24.13,24.83,15.74,17.87,11.19,17.38,23.61,14.87,23.47
maximum temperature - ssp3 - 2061-2080 - annual,12.16,21.75,23.12,8.23,15.47,15.64,22.97,14.56,26.67,20.3,24.89,25.1,25.78,16.74,18.82,12.2,18.36,24.57,15.86,24.42
maximum temperature - ssp3 - 2081-2100 - annual,13.35,22.84,24.21,9.53,16.63,16.84,24.05,15.77,27.7,21.53,25.92,26.21,26.84,17.9,19.89,13.43,19.5,25.65,17.05,25.48
maximum temperature - ssp5 - 2021-2040 - annual,10.29,20.03,21.39,6.29,13.69,13.76,21.2,12.73,24.95,18.43,23.18,23.39,24.06,14.89,17.06,10.34,16.55,22.84,14.02,22.69
maximum temperature - ssp5 - 2041-2060 - annual,11.5,21.15,22.52,7.56,14.81,14.97,22.33,13.87,26.07,19.62,24.29,24.5,25.19,16.07,18.18,11.51,17.71,23.97,15.2,23.81
maximum temperature - ssp5 - 2061-2080 - annual,12.92,22.49,23.85,9.07,16.2,16.4,23.66,15.29,27.37,21.06,25.59,25.86,26.51,17.47,19.5,12.95,19.08,25.3,16.6,25.13
maximum temperature - ssp5 - 2081-2100 - annual,14.54,24.05,25.39,10.79,17.82,18.04,25.2,16.94,28.87,22.72,27.07,27.43,28.02,19.07,21.03,14.62,20.65,26.83,18.22,26.65
maximum temperature - historical - jun - sep,13.7,22.73,23.95,9.94,16.68,17.11,24.16,15.8,27.53,21.56,25.76,25.62,26.23,18.22,20.11,13.48,19.6,25.24,17.21,25.28
maximum temperature - ssp1 - 2021-2040 - jun - sep,14.95,23.7,24.94,11.29,17.73,18.36,25.26,16.95,28.55,22.81,26.79,26.57,27.23,19.43,21.21,14.68,20.77,26.25,18.41,26.32
maximum temperature - ssp1 - 2041-2060 - jun - sep,15.38,24.12,25.35,11.71,18.14,18.79,25.67,17.35,28.95,23.23,27.19,27,27.64,19.85,21.61,15.09,21.18,26.67,18.83,26.73
maximum temperature - ssp1 - 2061-2080 - jun - sep,15.57,24.36,25.59,11.9,18.37,18.98,25.87,17.56,29.15,23.42,27.38,27.25,27.86,20.04,21.81,15.29,21.39,26.9,19.03,26.94
maximum temperature - ssp1 - 2081-2100 - jun - sep,15.64,24.37,25.6,11.99,18.4,19.04,25.9,17.62,29.16,23.51,27.38,27.25,27.87,20.08,21.82,15.36,21.45,26.91,19.11,26.96
maximum temperature - ssp2 - 2021-2040 - jun - sep,14.96,23.69,24.93,11.29,17.73,18.37,25.26,16.95,28.53,22.82,26.77,26.56,27.22,19.43,21.2,14.69,20.78,26.25,18.42,26.32
maximum temperature - ssp2 - 2041-2060 - jun - sep,15.66,24.34,25.59,12,18.38,19.06,25.91,17.61,29.16,23.52,27.39,27.21,27.87,20.1,21.83,15.36,21.46,26.91,19.11,26.96
maximum temperature - ssp2 - 2061-2080 - jun - sep,16.16,24.84,26.08,12.5,18.87,19.57,26.43,18.09,29.69,24,27.93,27.71,28.37,20.63,22.37,15.84,21.95,27.4,19.6,27.48
maximum temperature - ssp2 - 2081-2100 - jun - sep,16.57,25.2,26.44,12.95,19.28,19.96,26.78,18.53,30.01,24.45,28.24,28.07,28.72,21,22.71,16.29,22.35,27.76,20.02,27.82
maximum temperature - ssp3 - 2021-2040 - jun - sep,14.87,23.59,24.84,11.18,17.62,18.29,25.19,16.85,28.47,22.72,26.72,26.45,27.14,19.37,21.15,14.58,20.69,26.16,18.32,26.24
maximum temperature - ssp3 - 2041-2060 - jun - sep,15.76,24.38,25.63,12.08,18.42,19.18,26.03,17.67,29.28,23.6,27.53,27.23,27.94,20.24,21.99,15.42,21.55,26.97,19.2,27.06
maximum temperature - ssp3 - 2061-2080 - jun - sep,16.7,25.25,26.51,13.08,19.34,20.13,26.9,18.6,30.12,24.53,28.36,28.12,28.79,21.16,22.84,16.36,22.45,27.83,20.12,27.92
maximum temperature - ssp3 - 2081-2100 - jun - sep,17.74,26.17,27.41,14.21,20.37,21.16,27.84,19.68,31,25.62,29.24,29.07,29.68,22.17,23.77,17.46,23.43,28.74,21.14,28.82
maximum temperature - ssp5 - 2021-2040 - jun - sep,14.92,23.65,24.89,11.22,17.68,18.36,25.26,16.88,28.55,22.74,26.8,26.52,27.2,19.44,21.22,14.61,20.73,26.21,18.36,26.31
maximum temperature - ssp5 - 2041-2060 - jun - sep,16.05,24.64,25.9,12.42,18.69,19.48,26.28,17.94,29.52,23.87,27.77,27.51,28.19,20.52,22.23,15.7,21.81,27.22,19.47,27.31
maximum temperature - ssp5 - 2061-2080 - jun - sep,17.4,25.88,27.13,13.85,20.02,20.82,27.53,19.3,30.73,25.24,28.96,28.77,29.41,21.83,23.46,17.08,23.1,28.45,20.8,28.54
maximum temperature - ssp5 - 2081-2100 - jun - sep,18.81,27.23,28.46,15.34,21.44,22.25,28.88,20.75,32.04,26.68,30.27,30.14,30.72,23.23,24.81,18.53,24.48,29.78,22.2,29.86
maximum temperature - historical - mar - may,8.52,19.32,20.81,4.36,12.51,12.2,20.4,11.54,24.41,17.39,22.51,22.99,23.58,13.32,15.94,8.98,15.4,22.42,12.68,22.1
maximum temperature - ssp1 - 2021-2040 - mar - may,9.72,20.28,21.77,5.75,13.59,13.41,21.4,12.71,25.34,18.62,23.41,23.97,24.52,14.46,16.92,10.19,16.49,23.38,13.84,23.06
maximum temperature - ssp1 - 2041-2060 - mar - may,10.29,20.59,21.85,6.16,14.01,13.81,21.54,12.74,25.68,18.23,23.92,24.1,24.67,15.09,17.54,10.38,16.59,23.29,14.04,23.17
maximum temperature - ssp1 - 2061-2080 - mar - may,10.37,21.03,22.53,6.31,14.27,14.04,22.11,13.34,26.09,19.23,24.16,24.71,25.3,15.11,17.62,10.81,17.19,24.15,14.5,23.82
maximum temperature - ssp1 - 2081-2100 - mar - may,10.41,21.04,22.53,6.39,14.3,14.08,22.08,13.39,26.05,19.29,24.11,24.72,25.28,15.13,17.59,10.86,17.19,24.13,14.53,23.78
maximum temperature - ssp2 - 2021-2040 - mar - may,9.67,20.06,21.57,5.75,13.45,13.35,21.27,12.62,25.15,18.57,23.22,23.72,24.34,14.38,16.78,10.13,16.4,23.2,13.76,22.9
maximum temperature - ssp2 - 2041-2060 - mar - may,10.42,20.81,22.32,6.49,14.18,14.12,21.97,13.34,25.84,19.3,23.89,24.5,25.06,15.13,17.46,10.85,17.13,23.94,14.5,23.61
maximum temperature - ssp2 - 2061-2080 - mar - may,10.88,21.37,22.87,6.94,14.71,14.57,22.49,13.84,26.41,19.76,24.46,25.06,25.63,15.59,17.97,11.34,17.62,24.49,14.98,24.16
maximum temperature - ssp2 - 2081-2100 - mar - may,11.32,21.78,23.26,7.39,15.13,15.03,22.88,14.27,26.78,20.19,24.84,25.49,26,16.05,18.37,11.76,18.01,24.87,15.39,24.53
maximum temperature - ssp3 - 2021-2040 - mar - may,9.66,20.05,21.57,5.69,13.45,13.34,21.28,12.61,25.16,18.55,23.23,23.72,24.34,14.37,16.78,10.11,16.41,23.2,13.75,22.91
maximum temperature - ssp3 - 2041-2060 - mar - may,10.57,20.82,22.33,6.66,14.26,14.27,22.08,13.46,25.89,19.44,23.96,24.49,25.1,15.28,17.57,10.98,17.24,23.97,14.62,23.67
maximum temperature - ssp3 - 2061-2080 - mar - may,13.91,23.41,24.78,10.29,17.12,17.54,24.84,16.43,28.41,22.41,26.51,26.8,27.26,18.54,20.54,14.08,20.1,26.3,17.7,26.12
maximum temperature - ssp3 - 2081-2100 - mar - may,12.65,22.79,24.29,8.92,16.32,16.37,23.99,15.57,27.75,21.58,25.79,26.51,27.01,17.33,19.46,13.13,19.24,25.91,16.7,25.56
maximum temperature - ssp5 - 2021-2040 - mar - may,9.63,20.01,21.52,5.7,13.4,13.32,21.21,12.56,25.09,18.51,23.16,23.69,24.29,14.34,16.71,10.07,16.35,23.15,13.71,22.85
maximum temperature - ssp5 - 2041-2060 - mar - may,10.8,21.1,22.61,6.96,14.47,14.51,22.29,13.65,26.18,19.64,24.24,24.78,25.38,15.5,17.79,11.19,17.44,24.24,14.83,23.93
maximum temperature - ssp5 - 2061-2080 - mar - may,12.31,22.55,24.04,8.56,15.97,16.02,23.68,15.18,27.53,21.18,25.58,26.25,26.77,16.97,19.16,12.73,18.9,25.65,16.34,25.31
maximum temperature - ssp5 - 2081-2100 - mar - may,13.94,24.1,25.58,10.31,17.59,17.67,25.2,16.83,29,22.85,27.02,27.83,28.28,18.58,20.65,14.4,20.47,27.18,17.96,26.81
maximum temperature - historical - oct - nov,8.34,18.92,20.15,4.14,12.26,11.85,19.73,10.92,23.95,16.33,22.18,22.44,22.95,13.16,15.74,8.52,14.75,21.57,12.17,21.42
maximum temperature - ssp1 - 2021-2040 - oct - nov,9.94,20.22,21.47,5.85,13.68,13.45,21.17,12.42,25.3,17.92,23.53,23.72,24.28,14.72,17.17,10.06,16.24,22.91,13.7,22.79
maximum temperature - ssp1 - 2041-2060 - oct - nov,10.29,20.59,21.85,6.16,14.01,13.81,21.54,12.74,25.68,18.23,23.92,24.1,24.67,15.09,17.54,10.38,16.59,23.29,14.04,23.17
maximum temperature - ssp1 - 2061-2080 - oct - nov,10.4,20.77,22.01,6.26,14.15,13.91,21.65,12.86,25.81,18.35,24.02,24.28,24.83,15.18,17.64,10.5,16.73,23.46,14.17,23.31
maximum temperature - ssp1 - 2081-2100 - oct - nov,10.4,20.63,21.89,6.27,14.06,13.93,21.61,12.81,25.72,18.34,23.94,24.14,24.71,15.2,17.6,10.46,16.68,23.34,14.13,23.22
maximum temperature - ssp2 - 2021-2040 - oct - nov,9.68,20.04,21.29,5.52,13.45,13.19,20.96,12.17,25.12,17.65,23.34,23.54,24.11,14.48,16.97,9.8,16.02,22.74,13.46,22.61
maximum temperature - ssp2 - 2041-2060 - oct - nov,10.56,20.78,22.04,6.48,14.22,14.08,21.76,12.98,25.89,18.51,24.12,24.28,24.87,15.35,17.76,10.64,16.84,23.5,14.3,23.38
maximum temperature - ssp2 - 2061-2080 - oct - nov,11.08,21.41,22.67,6.92,14.78,14.6,22.33,13.51,26.5,19.01,24.73,24.89,25.5,15.88,18.34,11.15,17.4,24.12,14.83,23.99
maximum temperature - ssp2 - 2081-2100 - oct - nov,11.5,21.74,22.99,7.42,15.17,15.03,22.7,13.92,26.82,19.45,25.05,25.23,25.82,16.29,18.69,11.58,17.77,24.44,15.24,24.32
maximum temperature - ssp3 - 2021-2040 - oct - nov,9.93,20.26,21.52,5.79,13.7,13.43,21.17,12.42,25.29,17.91,23.51,23.77,24.32,14.71,17.16,10.06,16.26,22.96,13.71,22.8
maximum temperature - ssp3 - 2041-2060 - oct - nov,10.75,21.03,22.28,6.66,14.47,14.27,21.98,13.21,26.11,18.72,24.35,24.53,25.11,15.55,17.99,10.86,17.06,23.74,14.51,23.61
maximum temperature - ssp3 - 2061-2080 - oct - nov,11.77,22,23.27,7.68,15.42,15.3,22.97,14.18,27.1,19.72,25.33,25.49,26.1,16.57,18.97,11.85,18.05,24.73,15.51,24.6
maximum temperature - ssp3 - 2081-2100 - oct - nov,13.15,23.24,24.51,9.15,16.73,16.7,24.24,15.53,28.32,21.1,26.55,26.73,27.33,17.94,20.25,13.23,19.36,25.97,16.86,25.84
maximum temperature - ssp5 - 2021-2040 - oct - nov,9.95,20.26,21.51,5.82,13.68,13.47,21.19,12.4,25.33,17.89,23.55,23.76,24.33,14.74,17.19,10.04,16.26,22.96,13.7,22.83
maximum temperature - ssp5 - 2041-2060 - oct - nov,11.24,21.44,22.7,7.18,14.86,14.77,22.39,13.61,26.52,19.16,24.74,24.94,25.52,16.02,18.39,11.29,17.49,24.15,14.95,24.02
maximum temperature - ssp5 - 2061-2080 - oct - nov,12.68,22.77,24.04,8.69,16.21,16.23,23.76,15,27.87,20.59,26.1,26.26,26.87,17.45,19.76,12.7,18.87,25.5,16.36,25.37
maximum temperature - ssp5 - 2081-2100 - oct - nov,14.46,24.4,25.66,10.6,17.94,18.02,25.39,16.79,29.42,22.42,27.63,27.91,28.45,19.19,21.36,14.52,20.57,27.11,18.13,26.96
maximum temperature - historical - dec - feb,3.33,13.83,15.25,-1.15,7.24,6.61,14.37,6.06,18.51,11.33,16.86,17.39,18.18,7.87,10.4,3.55,9.83,16.64,7.17,16.27
maximum temperature - ssp1 - 2021-2040 - dec - feb,4.94,15.23,16.66,0.52,8.73,8.23,15.85,7.59,19.92,12.93,18.26,18.79,19.6,9.45,11.86,5.12,11.37,18.07,8.74,17.72
maximum temperature - ssp1 - 2041-2060 - dec - feb,5.24,15.55,16.98,0.81,9.02,8.53,16.16,7.87,20.24,13.2,18.59,19.11,19.93,9.75,12.18,5.4,11.67,18.39,9.03,18.04
maximum temperature - ssp1 - 2061-2080 - dec - feb,5.44,15.74,17.18,0.97,9.2,8.72,16.37,8.04,20.46,13.39,18.82,19.3,20.14,9.95,12.4,5.57,11.88,18.59,9.23,18.25
maximum temperature - ssp1 - 2081-2100 - dec - feb,5.32,15.64,17.07,0.88,9.1,8.6,16.24,7.96,20.33,13.29,18.67,19.2,20.02,9.83,12.25,5.48,11.76,18.47,9.12,18.12
maximum temperature - ssp2 - 2021-2040 - dec - feb,4.76,14.94,16.38,0.39,8.5,8.04,15.61,7.4,19.62,12.75,17.95,18.51,19.32,9.25,11.6,4.93,11.16,17.8,8.54,17.44
maximum temperature - ssp2 - 2041-2060 - dec - feb,5.58,15.75,17.19,1.19,9.28,8.87,16.4,8.17,20.42,13.54,18.75,19.31,20.12,10.07,12.4,5.72,11.96,18.6,9.35,18.24
maximum temperature - ssp2 - 2061-2080 - dec - feb,6.21,16.35,17.8,1.85,9.91,9.49,17.01,8.81,21.05,14.19,19.4,19.91,20.74,10.68,13.02,6.37,12.59,19.21,9.98,18.86
maximum temperature - ssp2 - 2081-2100 - dec - feb,6.5,16.7,18.14,2.15,10.23,9.78,17.32,9.13,21.36,14.49,19.7,20.26,21.08,10.98,13.32,6.68,12.89,19.55,10.28,19.19
maximum temperature - ssp3 - 2021-2040 - dec - feb,4.73,14.9,16.35,0.32,8.45,8.03,15.6,7.34,19.63,12.71,17.99,18.46,19.3,9.26,11.63,4.89,11.14,17.77,8.51,17.43
maximum temperature - ssp3 - 2041-2060 - dec - feb,5.73,15.78,17.24,1.38,9.38,9.03,16.53,8.31,20.52,13.7,18.89,19.33,20.19,10.24,12.56,5.87,12.09,18.66,9.48,18.34
maximum temperature - ssp3 - 2061-2080 - dec - feb,6.97,16.92,18.38,2.7,10.58,10.27,17.68,9.55,21.63,14.96,19.98,20.48,21.32,11.44,13.68,7.13,13.29,19.8,10.71,19.47
maximum temperature - ssp3 - 2081-2100 - dec - feb,8.28,18.2,19.65,4.05,11.88,11.59,18.94,10.85,22.89,16.27,21.24,21.77,22.58,12.74,14.95,8.44,14.57,21.07,12.01,20.73
maximum temperature - ssp5 - 2021-2040 - dec - feb,4.98,15.09,16.53,0.62,8.68,8.28,15.78,7.58,19.78,12.95,18.12,18.66,19.47,9.48,11.79,5.13,11.35,17.95,8.74,17.6
maximum temperature - ssp5 - 2041-2060 - dec - feb,6.29,16.35,17.81,1.96,9.92,9.57,17.05,8.84,21.06,14.25,19.4,19.91,20.76,10.75,13.04,6.41,12.64,19.23,10.04,18.89
maximum temperature - ssp5 - 2061-2080 - dec - feb,7.72,17.73,19.18,3.48,11.33,11,18.41,10.27,22.42,15.69,20.76,21.3,22.12,12.15,14.4,7.86,14.03,20.6,11.45,20.25
maximum temperature - ssp5 - 2081-2100 - dec - feb,9.51,19.52,20.95,5.34,13.14,12.81,20.15,12.1,24.16,17.5,22.48,23.1,23.87,13.94,16.13,9.68,15.78,22.35,13.23,21.99
minimum temperature - historical - annual,-1.84,10.56,11.71,-6.38,2.32,2.03,11.11,0.34,15.26,5.81,13.61,14.29,14.89,3.42,6.45,-2.24,5.82,13.43,2.42,13.21
minimum temperature - ssp1 - 2021-2040 - annual,-0.29,11.91,13.05,-4.66,3.78,3.6,12.48,1.87,16.56,7.39,14.92,15.66,16.21,4.94,7.81,-0.67,7.26,14.76,3.93,14.53
minimum temperature - ssp1 - 2041-2060 - annual,0.16,12.37,13.5,-4.19,4.23,4.06,12.92,2.33,17.01,7.84,15.37,16.11,16.65,5.4,8.27,-0.21,7.7,15.21,4.37,14.98
minimum temperature - ssp1 - 2061-2080 - annual,0.14,12.46,13.58,-4.25,4.26,4.06,12.97,2.32,17.11,7.77,15.48,16.21,16.73,5.42,8.34,-0.24,7.68,15.28,4.34,15.05
minimum temperature - ssp1 - 2081-2100 - annual,0.18,12.43,13.56,-4.2,4.26,4.08,12.96,2.33,17.08,7.82,15.43,16.17,16.72,5.43,8.31,-0.22,7.72,15.26,4.38,15.04
minimum temperature - ssp2 - 2021-2040 - annual,-0.27,11.91,13.06,-4.63,3.79,3.61,12.49,1.89,16.57,7.41,14.93,15.65,16.21,4.95,7.83,-0.65,7.27,14.77,3.94,14.54
minimum temperature - ssp2 - 2041-2060 - annual,0.55,12.66,13.8,-3.78,4.56,4.44,13.24,2.67,17.3,8.22,15.64,16.4,16.95,5.75,8.57,0.15,8.05,15.52,4.74,15.28
minimum temperature - ssp2 - 2061-2080 - annual,0.9,13.12,14.25,-3.46,4.92,4.84,13.67,2.99,17.79,8.5,16.15,16.86,17.4,6.19,9.04,0.46,8.39,15.95,5.07,15.73
minimum temperature - ssp2 - 2081-2100 - annual,1.59,13.66,14.8,-2.69,5.56,5.51,14.24,3.68,18.29,9.23,16.64,17.41,17.94,6.82,9.58,1.17,9.05,16.5,5.75,16.27
minimum temperature - ssp3 - 2021-2040 - annual,-0.21,11.95,13.09,-4.57,3.84,3.69,12.54,1.94,16.61,7.46,14.97,15.69,16.25,5.03,7.88,-0.6,7.33,14.81,4,14.59
minimum temperature - ssp3 - 2041-2060 - annual,0.82,12.88,14.02,-3.46,4.81,4.72,13.47,2.95,17.51,8.5,15.86,16.63,17.16,6.03,8.81,0.43,8.3,15.73,5,15.5
minimum temperature - ssp3 - 2061-2080 - annual,1.73,13.83,14.95,-2.54,5.71,5.68,14.42,3.83,18.49,9.36,16.87,17.58,18.09,7.01,9.79,1.31,9.17,16.66,5.88,16.44
minimum temperature - ssp3 - 2081-2100 - annual,3.25,15.09,16.22,-0.84,7.13,7.17,15.7,5.33,19.66,10.94,18.01,18.87,19.34,8.41,11.01,2.86,10.61,17.93,7.38,17.69
minimum temperature - ssp5 - 2021-2040 - annual,-0.26,11.96,13.1,-4.68,3.81,3.65,12.56,1.89,16.65,7.4,15.02,15.69,16.25,5.02,7.92,-0.66,7.29,14.81,3.95,14.6
minimum temperature - ssp5 - 2041-2060 - annual,0.86,13.08,14.21,-3.51,4.94,4.79,13.66,3.03,17.74,8.52,16.12,16.83,17.35,6.16,9.03,0.48,8.38,15.91,5.06,15.69
minimum temperature - ssp5 - 2061-2080 - annual,2.33,14.46,15.58,-1.98,6.33,6.28,15.05,4.43,19.11,9.96,17.5,18.22,18.72,7.63,10.43,1.91,9.79,17.28,6.49,17.06
minimum temperature - ssp5 - 2081-2100 - annual,4.09,16.1,17.22,-0.09,8,8.06,16.7,6.14,20.74,11.72,19.13,19.86,20.36,9.37,12.09,3.66,11.48,18.92,8.21,18.7
minimum temperature - historical - jun - sep,5.46,15.77,16.92,1.56,8.95,8.68,16.41,7.38,20.17,11.75,18.5,18.93,19.69,9.77,12.18,5.2,11.78,18.42,8.99,18.28
minimum temperature - ssp1 - 2021-2040 - jun - sep,6.93,17.08,18.22,3.19,10.38,10.13,17.72,8.87,21.41,13.29,19.73,20.27,20.96,11.16,13.47,6.71,13.19,19.72,10.46,19.55
minimum temperature - ssp1 - 2041-2060 - jun - sep,7.35,17.47,18.61,3.62,10.79,10.54,18.12,9.28,21.79,13.71,20.12,20.66,21.35,11.56,13.86,7.13,13.6,20.11,10.88,19.95
minimum temperature - ssp1 - 2061-2080 - jun - sep,7.31,17.53,18.65,3.52,10.79,10.54,18.17,9.24,21.87,13.61,20.21,20.73,21.4,11.59,13.94,7.07,13.58,20.15,10.82,20
minimum temperature - ssp1 - 2081-2100 - jun - sep,7.39,17.54,18.68,3.64,10.83,10.59,18.19,9.3,21.88,13.73,20.21,20.73,21.42,11.62,13.94,7.15,13.65,20.18,10.92,20.02
minimum temperature - ssp2 - 2021-2040 - jun - sep,6.96,17.09,18.23,3.21,10.39,10.15,17.75,8.89,21.43,13.32,19.76,20.27,20.97,11.19,13.5,6.74,13.22,19.74,10.49,19.58
minimum temperature - ssp2 - 2041-2060 - jun - sep,7.59,17.71,18.85,3.88,11.02,10.78,18.36,9.52,22.02,13.96,20.34,20.9,21.58,11.8,14.09,7.37,13.85,20.35,11.13,20.18
minimum temperature - ssp2 - 2061-2080 - jun - sep,7.99,18.12,19.26,4.25,11.41,11.2,18.78,9.89,22.46,14.33,20.79,21.3,22,12.23,14.54,7.75,14.24,20.76,11.51,20.6
minimum temperature - ssp2 - 2081-2100 - jun - sep,8.59,18.65,19.78,4.94,12.03,11.77,19.29,10.54,22.93,14.98,21.25,21.87,22.5,12.77,15.02,8.4,14.81,21.28,12.12,21.1
minimum temperature - ssp3 - 2021-2040 - jun - sep,6.97,17.1,18.24,3.23,10.42,10.17,17.77,8.91,21.44,13.33,19.78,20.29,20.99,11.21,13.52,6.76,13.23,19.75,10.51,19.59
minimum temperature - ssp3 - 2041-2060 - jun - sep,7.86,17.95,19.09,4.17,11.3,11.04,18.6,9.81,22.25,14.25,20.57,21.15,21.81,12.05,14.33,7.66,14.1,20.58,11.4,20.41
minimum temperature - ssp3 - 2061-2080 - jun - sep,8.67,18.7,19.84,4.95,12.06,11.88,19.41,10.57,23.03,15.01,21.37,21.9,22.57,12.9,15.16,8.43,14.89,21.35,12.18,21.19
minimum temperature - ssp3 - 2081-2100 - jun - sep,9.97,19.87,20.99,6.44,13.39,13.16,20.55,11.95,24.1,16.4,22.42,23.12,23.69,14.12,16.26,9.82,16.13,22.49,13.49,22.31
minimum temperature - ssp5 - 2021-2040 - jun - sep,6.83,17,18.14,3.03,10.29,10.05,17.69,8.77,21.38,13.16,19.73,20.18,20.89,11.11,13.46,6.6,13.1,19.64,10.35,19.5
minimum temperature - ssp5 - 2041-2060 - jun - sep,7.92,18.01,19.15,4.16,11.33,11.14,18.71,9.82,22.37,14.25,20.72,21.2,21.89,12.17,14.48,7.67,14.16,20.65,11.43,20.51
minimum temperature - ssp5 - 2061-2080 - jun - sep,9.24,19.24,20.37,5.56,12.65,12.45,19.95,11.16,23.56,15.6,21.9,22.47,23.09,13.46,15.7,9.03,15.44,21.87,12.74,21.72
minimum temperature - ssp5 - 2081-2100 - jun - sep,10.7,20.62,21.74,7.11,14.1,13.91,21.33,12.64,24.9,17.08,23.24,23.86,24.45,14.89,17.07,10.52,16.86,23.24,14.19,23.08
minimum temperature - historical - mar - may,-2.22,10.39,11.69,-6.97,1.77,1.66,11.16,-0.15,15.36,5.24,13.65,14.39,15.05,2.94,6.18,-2.72,5.63,13.53,2.06,13.3
minimum temperature - ssp1 - 2021-2040 - mar - may,-0.79,11.69,12.98,-5.32,3.17,3.1,12.44,1.31,16.63,6.72,14.92,15.72,16.32,4.32,7.45,-1.23,6.96,14.81,3.46,14.57
minimum temperature - ssp1 - 2041-2060 - mar - may,-0.35,12.15,13.44,-4.86,3.64,3.55,12.88,1.79,17.07,7.17,15.36,16.18,16.77,4.77,7.88,-0.76,7.4,15.27,3.9,15.01
minimum temperature - ssp1 - 2061-2080 - mar - may,-0.41,12.24,13.51,-5.02,3.64,3.52,12.95,1.71,17.2,7.01,15.5,16.27,16.86,4.78,7.98,-0.86,7.36,15.34,3.81,15.1
minimum temperature - ssp1 - 2081-2100 - mar - may,-0.3,12.23,13.51,-4.84,3.66,3.61,12.95,1.78,17.16,7.16,15.45,16.25,16.86,4.84,7.96,-0.77,7.44,15.34,3.93,15.09
minimum temperature - ssp2 - 2021-2040 - mar - may,-0.72,11.73,13.02,-5.22,3.25,3.16,12.5,1.41,16.66,6.81,14.94,15.75,16.36,4.38,7.5,-1.13,7.03,14.86,3.54,14.61
minimum temperature - ssp2 - 2041-2060 - mar - may,0.1,12.51,13.8,-4.41,4.03,4,13.27,2.19,17.43,7.6,15.71,16.53,17.14,5.2,8.26,-0.35,7.82,15.64,4.33,15.39
minimum temperature - ssp2 - 2061-2080 - mar - may,0.42,12.98,14.26,-4.19,4.37,4.38,13.73,2.45,17.94,7.79,16.23,17.01,17.61,5.64,8.77,-0.11,8.15,16.09,4.6,15.85
minimum temperature - ssp2 - 2081-2100 - mar - may,1.13,13.51,14.8,-3.36,4.98,5.07,14.27,3.13,18.44,8.55,16.72,17.53,18.15,6.26,9.27,0.6,8.8,16.63,5.3,16.39
minimum temperature - ssp3 - 2021-2040 - mar - may,-0.7,11.73,13.03,-5.23,3.25,3.19,12.52,1.41,16.68,6.82,14.97,15.75,16.37,4.41,7.53,-1.13,7.05,14.87,3.55,14.63
minimum temperature - ssp3 - 2041-2060 - mar - may,0.41,12.71,14.01,-4.03,4.28,4.31,13.51,2.48,17.63,7.92,15.91,16.73,17.34,5.5,8.51,-0.03,8.09,15.85,4.62,15.6
minimum temperature - ssp3 - 2061-2080 - mar - may,1.31,13.7,14.97,-3.22,5.2,5.29,14.53,3.35,18.67,8.72,16.97,17.73,18.31,6.54,9.58,0.81,8.98,16.81,5.47,16.59
minimum temperature - ssp3 - 2081-2100 - mar - may,2.78,14.94,16.23,-1.5,6.56,6.72,15.72,4.79,19.8,10.28,18.06,18.98,19.54,7.84,10.69,2.31,10.36,18.07,6.95,17.79
minimum temperature - ssp5 - 2021-2040 - mar - may,-0.76,11.71,13,-5.35,3.22,3.14,12.53,1.36,16.68,6.73,14.98,15.73,16.34,4.4,7.56,-1.2,7.01,14.84,3.48,14.62
minimum temperature - ssp5 - 2041-2060 - mar - may,0.32,12.88,14.15,-4.28,4.35,4.26,13.65,2.45,17.82,7.76,16.12,16.91,17.49,5.53,8.7,-0.12,8.07,15.98,4.53,15.74
minimum temperature - ssp5 - 2061-2080 - mar - may,1.79,14.25,15.52,-2.8,5.69,5.76,15.06,3.79,19.2,9.15,17.5,18.29,18.85,7.02,10.1,1.25,9.47,17.35,5.94,17.12
minimum temperature - ssp5 - 2081-2100 - mar - may,3.6,15.95,17.21,-0.87,7.42,7.6,16.74,5.56,20.85,10.97,19.13,20,20.54,8.81,11.76,3.05,11.22,19.04,7.73,18.8
minimum temperature - historical - oct - nov,-3.44,9.91,10.96,-8.13,1.03,0.7,10.03,-1.17,14.39,4.9,12.88,13.75,14.13,2.27,5.41,-3.91,4.7,12.65,1.18,12.26
minimum temperature - ssp1 - 2021-2040 - oct - nov,-1.67,11.4,12.45,-6.16,2.65,2.5,11.54,0.55,15.8,6.71,14.29,15.25,15.59,4,6.9,-2.13,6.32,14.14,2.89,13.72
minimum temperature - ssp1 - 2041-2060 - oct - nov,-1.03,12.01,13.05,-5.47,3.24,3.15,12.15,1.15,16.41,7.33,14.9,15.85,16.19,4.64,7.51,-1.51,6.93,14.74,3.51,14.33
minimum temperature - ssp1 - 2061-2080 - oct - nov,-1.24,12.02,13.05,-5.69,3.14,2.95,12.02,1,16.36,7.13,14.87,15.85,16.16,4.46,7.41,-1.68,6.76,14.71,3.34,14.25
minimum temperature - ssp1 - 2081-2100 - oct - nov,-1.1,12.01,13.04,-5.53,3.23,3.09,12.1,1.12,16.37,7.27,14.87,15.86,16.17,4.59,7.48,-1.56,6.87,14.72,3.45,14.29
minimum temperature - ssp2 - 2021-2040 - oct - nov,-1.76,11.33,12.38,-6.3,2.55,2.42,11.49,0.43,15.77,6.59,14.26,15.19,15.53,3.94,6.86,-2.26,6.24,14.07,2.79,13.67
minimum temperature - ssp2 - 2041-2060 - oct - nov,-0.68,12.3,13.35,-5.05,3.57,3.49,12.42,1.5,16.66,7.71,15.14,16.16,16.47,4.95,7.76,-1.15,7.26,15.03,3.86,14.6
minimum temperature - ssp2 - 2061-2080 - oct - nov,-0.54,12.64,13.68,-4.99,3.74,3.67,12.69,1.61,17.03,7.79,15.53,16.46,16.82,5.17,8.06,-1.05,7.42,15.36,4,14.92
minimum temperature - ssp2 - 2081-2100 - oct - nov,0.41,13.34,14.39,-3.9,4.61,4.6,13.48,2.55,17.72,8.77,16.2,17.2,17.52,6.05,8.82,-0.08,8.31,16.08,4.92,15.65
minimum temperature - ssp3 - 2021-2040 - oct - nov,-1.46,11.56,12.62,-5.93,2.81,2.71,11.72,0.71,15.97,6.9,14.46,15.4,15.76,4.2,7.08,-1.96,6.52,14.31,3.09,13.9
minimum temperature - ssp3 - 2041-2060 - oct - nov,-0.43,12.57,13.61,-4.76,3.85,3.73,12.66,1.79,16.91,7.98,15.39,16.43,16.73,5.19,8.01,-0.86,7.51,15.29,4.13,14.85
minimum temperature - ssp3 - 2061-2080 - oct - nov,0.39,13.55,14.58,-3.97,4.69,4.59,13.54,2.58,17.87,8.76,16.37,17.4,17.68,6.06,8.91,-0.08,8.33,16.24,4.94,15.77
minimum temperature - ssp3 - 2081-2100 - oct - nov,2.27,15.05,16.09,-1.83,6.42,6.44,15.14,4.44,19.33,10.71,17.79,18.93,19.18,7.81,10.45,1.84,10.08,17.76,6.78,17.3
minimum temperature - ssp5 - 2021-2040 - oct - nov,-1.7,11.47,12.52,-6.24,2.64,2.47,11.57,0.51,15.86,6.68,14.35,15.3,15.64,3.99,6.93,-2.17,6.33,14.21,2.89,13.76
minimum temperature - ssp5 - 2041-2060 - oct - nov,-0.36,12.86,13.9,-4.78,4.04,3.81,12.86,1.93,17.15,8.09,15.66,16.7,16.98,5.31,8.23,-0.74,7.65,15.56,4.27,15.07
minimum temperature - ssp5 - 2061-2080 - oct - nov,1.26,14.43,15.47,-3.1,5.59,5.44,14.43,3.49,18.72,9.68,17.23,18.27,18.55,6.91,9.79,0.84,9.23,17.14,5.85,16.64
minimum temperature - ssp5 - 2081-2100 - oct - nov,3.33,16.32,17.36,-0.92,7.57,7.52,16.39,5.51,20.63,11.73,19.14,20.19,20.45,8.96,11.76,2.89,11.23,19.03,7.87,18.56
minimum temperature - historical - dec - feb,-10.12,4.24,5.29,-15.22,-5.13,-5.59,4.69,-7.57,9.18,-0.95,7.51,8.34,8.83,-3.81,-0.24,-10.56,-1.21,7.18,-5.17,6.99
minimum temperature - ssp1 - 2021-2040 - dec - feb,-8.48,5.59,6.63,-13.45,-3.65,-3.86,6.13,-6.01,10.54,0.66,8.9,9.72,10.16,-2.1,1.24,-8.96,0.26,8.52,-3.63,8.35
minimum temperature - ssp1 - 2041-2060 - dec - feb,-8.12,6.02,7.05,-13.08,-3.25,-3.47,6.54,-5.63,10.97,1.01,9.35,10.15,10.58,-1.68,1.68,-8.59,0.63,8.93,-3.27,8.76
minimum temperature - ssp1 - 2061-2080 - dec - feb,-7.96,6.24,7.25,-12.86,-3.07,-3.31,6.69,-5.44,11.16,1.18,9.55,10.36,10.76,-1.54,1.84,-8.39,0.76,9.1,-3.11,8.93
minimum temperature - ssp1 - 2081-2100 - dec - feb,-8.11,6.1,7.12,-13.12,-3.21,-3.45,6.58,-5.62,11.06,0.97,9.43,10.22,10.66,-1.67,1.72,-8.6,0.64,8.99,-3.28,8.83
minimum temperature - ssp2 - 2021-2040 - dec - feb,-8.57,5.53,6.56,-13.46,-3.71,-3.94,6.05,-6.07,10.44,0.62,8.82,9.63,10.07,-2.17,1.19,-9.02,0.2,8.43,-3.69,8.25
minimum temperature - ssp2 - 2041-2060 - dec - feb,-7.58,6.33,7.38,-12.5,-2.86,-2.96,6.93,-5.19,11.29,1.53,9.65,10.46,10.91,-1.22,2.04,-8.11,1.09,9.27,-2.78,9.11
minimum temperature - ssp2 - 2061-2080 - dec - feb,-7.12,6.93,7.95,-11.98,-2.4,-2.39,7.45,-4.74,11.92,1.94,10.31,11.04,11.47,-0.63,2.62,-7.66,1.49,9.8,-2.36,9.66
minimum temperature - ssp2 - 2081-2100 - dec - feb,-8.57,5.53,6.56,-13.46,-3.71,-3.94,6.05,-6.07,10.44,0.62,8.82,9.63,10.07,-2.17,1.19,-9.02,0.2,8.43,-3.69,8.25
minimum temperature - ssp3 - 2021-2040 - dec - feb,-8.45,5.57,6.61,-13.42,-3.66,-3.82,6.15,-6.01,10.53,0.66,8.9,9.69,10.15,-2.05,1.27,-8.96,0.27,8.5,-3.62,8.34
minimum temperature - ssp3 - 2041-2060 - dec - feb,-7.33,6.49,7.54,-12.21,-2.66,-2.66,7.15,-4.97,11.47,1.76,9.85,10.63,11.07,-0.91,2.29,-7.88,1.3,9.43,-2.56,9.28
minimum temperature - ssp3 - 2061-2080 - dec - feb,-6.21,7.66,8.67,-10.91,-1.55,-1.46,8.24,-3.84,12.66,2.88,11.08,11.81,12.18,0.27,3.43,-6.73,2.31,10.53,-1.48,10.39
minimum temperature - ssp3 - 2081-2100 - dec - feb,-4.59,8.9,9.94,-9.23,-0.16,0.11,9.58,-2.35,13.83,4.49,12.22,13.04,13.44,1.77,4.71,-5.19,3.84,11.83,0.08,11.67
minimum temperature - ssp5 - 2021-2040 - dec - feb,-8.26,5.83,6.86,-13.26,-3.46,-3.59,6.41,-5.82,10.83,0.85,9.23,9.94,10.38,-1.8,1.56,-8.76,0.46,8.73,-3.43,8.59
minimum temperature - ssp5 - 2041-2060 - dec - feb,-7.19,6.88,7.89,-12.13,-2.39,-2.48,7.45,-4.73,11.87,1.92,10.28,11,11.41,-0.67,2.65,-7.67,1.48,9.75,-2.38,9.61
minimum temperature - ssp5 - 2061-2080 - dec - feb,-5.63,8.34,9.35,-10.45,-0.97,-0.87,8.92,-3.28,13.35,3.43,11.8,12.45,12.86,0.93,4.17,-6.18,2.93,11.2,-0.9,11.07
minimum temperature - ssp5 - 2081-2100 - dec - feb,-3.72,10.07,11.11,-8.34,0.74,1.08,10.71,-1.51,15.18,5.31,13.67,14.18,14.66,2.83,5.99,-4.33,4.73,12.98,0.95,12.86
solar radiation - historical - annual,191.3,190.02,190.58,192.12,189.66,189.1,190.93,191.63,194.52,189.55,190.78,189.92,191.01,189.46,189.91,192.31,189.23,192.43,190.77,192.11
solar radiation - ssp1 - 2021-2040 - annual,188.58,186.56,187.22,189,186.55,186.53,188.45,188.65,191.83,186.57,188.33,186.4,187.86,187.14,187.68,189.32,186.43,189.2,187.81,189.28
solar radiation - ssp1 - 2041-2060 - annual,189.86,188.83,189.43,190.07,188.39,187.76,190.16,190.2,193.91,187.88,190.36,188.7,190.02,188.43,189.36,190.76,188.01,191.33,189.28,191.27
solar radiation - ssp1 - 2061-2080 - annual,191.58,191.32,191.91,191.53,190.46,189.4,192.25,192.12,196.27,189.66,192.7,191.11,192.48,190.14,191.44,192.58,190.01,193.77,191.18,193.59
solar radiation - ssp1 - 2081-2100 - annual,192.2,192.27,192.81,192.13,191.29,190.04,193,192.83,197.11,190.27,193.49,192.11,193.34,190.8,192.15,193.26,190.67,194.61,191.83,194.39
solar radiation - ssp2 - 2021-2040 - annual,185.95,182.35,183.14,186.7,183.03,184.02,185.07,185.57,187.84,183.85,184.3,182.13,183.81,184.47,184.26,186.44,183.35,185.25,184.89,185.5
solar radiation - ssp2 - 2041-2060 - annual,187.08,184.29,185.04,187.58,184.61,185.08,186.59,186.94,189.58,185.02,186.03,184.05,185.66,185.61,185.76,187.71,184.75,187.09,186.19,187.19
solar radiation - ssp2 - 2061-2080 - annual,188.2,186.54,187.21,188.25,186.36,186.14,188.34,188.35,191.79,186.12,188.26,186.33,187.85,186.83,187.56,188.93,186.25,189.19,187.49,189.24
solar radiation - ssp2 - 2081-2100 - annual,189.47,188.53,189.17,189.35,187.98,187.33,189.91,189.77,193.59,187.44,190,188.3,189.78,188.04,189.06,190.28,187.76,191.1,188.94,191.03
solar radiation - ssp3 - 2021-2040 - annual,185.7,181.82,182.65,186.37,182.59,183.79,184.8,185.18,187.46,183.52,183.95,181.58,183.36,184.26,184,186.07,183.04,184.79,184.56,185.12
solar radiation - ssp3 - 2041-2060 - annual,184.79,180.73,181.56,185.29,181.69,182.9,183.97,184.31,186.49,182.57,183.03,180.49,182.3,183.46,183.24,185.15,182.16,183.75,183.62,184.16
solar radiation - ssp3 - 2061-2080 - annual,184.29,180.54,181.42,184.52,181.15,182.41,183.74,183.67,186.45,181.93,182.96,180.18,182.24,183.01,182.99,184.5,181.8,183.63,183.13,184.05
solar radiation - ssp3 - 2081-2100 - annual,183.85,180.82,181.67,183.69,181.03,181.94,183.77,183.32,186.71,181.43,183.24,180.44,182.51,182.68,183.07,184.04,181.64,183.85,182.81,184.23
solar radiation - ssp5 - 2021-2040 - annual,186.42,183.1,183.87,187,183.68,184.46,185.76,186.12,188.63,184.32,185.14,182.9,184.55,184.98,185,186.93,183.93,185.97,185.4,186.22
solar radiation - ssp5 - 2041-2060 - annual,187.22,185.05,185.73,187.27,185.23,185.18,187.24,187.34,190.42,185.15,186.92,184.88,186.38,185.86,186.45,187.94,185.16,187.75,186.43,187.92
solar radiation - ssp5 - 2061-2080 - annual,186.96,185.64,186.32,186.5,185.23,184.9,187.54,187.08,191.05,184.73,187.53,185.36,187.03,185.73,186.79,187.56,185.22,188.32,186.27,188.45
solar radiation - ssp5 - 2081-2100 - annual,186.76,186.45,187.11,185.73,185.45,184.64,188,186.99,191.86,184.44,188.29,186.11,187.85,185.64,187.22,187.33,185.42,189.07,186.25,189.14
solar radiation - historical - jun - sep,197.15,190.88,192.4,200.23,191.11,197.31,195.58,194.03,195.11,196.83,192.27,191.8,192.69,196.68,193.53,196.02,194.7,194.28,196.06,194.51
solar radiation - ssp1 - 2021-2040 - jun - sep,193.65,186.44,188.14,195.57,186.72,194.29,192.91,189.69,192.35,192.45,189.99,187.18,188.92,194.25,191.49,191.65,191.09,190.26,191.95,191.3
solar radiation - ssp1 - 2041-2060 - jun - sep,195.25,188.98,190.56,196.93,188.95,195.88,194.85,191.61,194.51,194.02,192.05,189.82,191.23,195.9,193.35,193.4,192.91,192.57,193.68,193.44
solar radiation - ssp1 - 2061-2080 - jun - sep,197.12,191.55,193.15,198.81,191.29,197.53,196.74,193.89,196.49,196.23,193.86,192.3,193.67,197.46,195.07,195.62,195.09,195.1,195.91,195.62
solar radiation - ssp1 - 2081-2100 - jun - sep,197.91,192.66,194.18,199.52,192.29,198.42,197.77,194.74,197.61,196.91,194.99,193.49,194.69,198.45,196.14,196.41,195.9,196.09,196.65,196.64
solar radiation - ssp2 - 2021-2040 - jun - sep,191.43,183.36,185.19,193.31,183.82,192.22,190.54,187,189.84,189.95,187.57,183.97,186.14,192.19,189.2,189.06,188.62,187.42,189.46,188.73
solar radiation - ssp2 - 2041-2060 - jun - sep,192.71,185.23,187.01,194.35,185.52,193.47,192.03,188.56,191.35,191.29,188.96,185.85,187.85,193.48,190.58,190.51,190.1,189.18,190.87,190.31
solar radiation - ssp2 - 2061-2080 - jun - sep,193.52,187.02,188.68,194.56,186.86,194.34,193.52,189.5,193.21,191.87,190.87,187.72,189.59,194.61,192.22,191.23,191.18,190.79,191.7,191.98
solar radiation - ssp2 - 2081-2100 - jun - sep,194.87,188.62,190.29,195.92,188.29,195.6,194.82,190.87,194.42,193.31,191.98,189.3,191.07,195.8,193.39,192.62,192.66,192.36,193.21,193.34
solar radiation - ssp3 - 2021-2040 - jun - sep,190.55,182.3,184.09,192.39,182.81,191.4,189.63,186,188.93,188.98,186.68,182.96,185.09,191.37,188.31,188.06,187.63,186.33,188.45,187.75
solar radiation - ssp3 - 2041-2060 - jun - sep,190.21,181.85,183.69,191.55,182.39,191.18,189.67,185.53,188.86,188.39,186.73,182.47,184.79,191.4,188.53,187.52,187.38,185.99,188.01,187.6
solar radiation - ssp3 - 2061-2080 - jun - sep,189.89,181.71,183.58,190.93,181.88,190.95,189.56,184.92,188.85,187.77,186.66,182.23,184.76,191.2,188.38,186.9,187.09,185.9,187.58,187.55
solar radiation - ssp3 - 2081-2100 - jun - sep,188.79,181.11,182.96,189.55,180.88,189.83,188.79,183.74,188.28,186.59,186.18,181.57,184.16,190.2,187.71,185.68,186.18,185.26,186.57,186.89
solar radiation - ssp5 - 2021-2040 - jun - sep,192.11,183.94,185.78,193.83,184.47,192.88,191.32,187.64,190.6,190.62,188.35,184.56,186.78,192.91,190.01,189.68,189.33,188.03,190.12,189.44
solar radiation - ssp5 - 2041-2060 - jun - sep,192.13,185.02,186.7,193.26,185.33,192.96,192.02,188.12,191.46,190.51,189.22,185.81,187.64,193.2,190.76,189.89,189.7,188.87,190.23,190.22
solar radiation - ssp5 - 2061-2080 - jun - sep,192.14,185.4,187.15,192.74,184.98,193.06,192.42,187.62,192,190.15,189.74,185.93,188.18,193.45,191.22,189.39,189.85,189.35,190.19,190.71
solar radiation - ssp5 - 2081-2100 - jun - sep,192.77,186.55,188.31,192.87,185.76,193.61,193.48,188.24,193.19,190.76,190.84,187.03,189.36,194.13,192.22,189.93,190.77,190.5,190.96,191.85
solar radiation - historical - mar - may,225.13,225.46,224.8,227.11,226.15,222.51,223.24,227.32,226.23,224.26,223.48,227.1,224.34,221.87,222.45,227.6,223.43,225.85,225.25,224.58
solar radiation - ssp1 - 2021-2040 - mar - may,221.43,220.72,220.09,223.78,222.23,218.78,219,223.74,221.45,220.81,218.81,222.43,219.55,218.02,218.21,224.1,219.52,221.19,221.53,220
solar radiation - ssp1 - 2041-2060 - mar - may,223.14,223.86,223.25,225.03,224.58,220.37,221.54,225.73,224.61,222.52,221.91,225.41,222.77,219.76,220.72,225.93,221.77,224.32,223.55,222.99
solar radiation - ssp1 - 2061-2080 - mar - may,225.99,227.7,227.1,227.3,227.77,223.15,225.03,228.67,228.49,225.31,225.8,229.12,226.66,222.71,224.23,228.74,225,228.13,226.57,226.73
solar radiation - ssp1 - 2081-2100 - mar - may,226.25,228.73,227.99,227.63,228.67,223.34,225.41,229.38,229.07,225.76,226.21,230.27,227.43,222.85,224.46,229.34,225.43,228.91,227.02,227.34
solar radiation - ssp2 - 2021-2040 - mar - may,217.83,214.37,213.94,220.62,216.9,215.44,214.25,219.11,215.75,216.87,213.13,215.97,213.55,214.46,213.46,219.83,215.08,215.27,217.31,214.51
solar radiation - ssp2 - 2041-2060 - mar - may,219.4,217.13,216.61,222.12,219.33,216.77,216.07,221.3,217.74,218.77,214.98,218.78,215.98,215.77,215.1,221.87,217.07,217.81,219.29,216.63
solar radiation - ssp2 - 2061-2080 - mar - may,220.82,220.1,219.54,223.11,221.62,218.02,218.27,223.19,220.56,220.32,217.8,221.69,218.9,217.15,217.29,223.56,219.04,220.66,221.07,219.29
solar radiation - ssp2 - 2081-2100 - mar - may,222.35,222.92,222.3,224.29,223.88,219.4,220.38,225.12,223.12,222,220.25,224.47,221.63,218.6,219.29,225.32,221.03,223.35,222.94,221.8
solar radiation - ssp3 - 2021-2040 - mar - may,217.82,214.18,213.81,220.5,216.74,215.4,214.24,219,215.64,216.79,213.08,215.72,213.44,214.45,213.5,219.73,215.07,215.18,217.25,214.43
solar radiation - ssp3 - 2041-2060 - mar - may,216.34,212.33,211.93,219.24,215.4,213.85,212.49,217.78,213.53,215.52,210.92,213.98,211.45,212.82,211.66,218.5,213.57,213.31,215.84,212.51
solar radiation - ssp3 - 2061-2080 - mar - may,215.39,211.66,211.35,217.98,214.32,212.91,211.89,216.64,213.19,214.45,210.62,213.11,210.98,211.97,211.11,217.36,212.77,212.76,214.94,212.02
solar radiation - ssp3 - 2081-2100 - mar - may,214.77,212.36,211.95,216.79,214.59,212.21,211.98,216.48,213.59,213.84,210.98,213.88,211.51,211.47,211.19,216.94,212.63,213.27,214.57,212.36
solar radiation - ssp5 - 2021-2040 - mar - may,217.59,214.94,214.43,220.29,217.24,215.11,214.3,219.25,216.07,216.75,213.47,216.61,213.98,214.17,213.52,219.84,215.07,215.69,217.25,214.79
solar radiation - ssp5 - 2041-2060 - mar - may,219.04,217.51,216.97,221.41,219.43,216.33,216.26,221.22,218.27,218.5,215.6,219.14,216.39,215.44,215.35,221.66,217.03,218.15,219.11,217
solar radiation - ssp5 - 2061-2080 - mar - may,219.38,219.36,218.77,221.02,220.58,216.55,217.45,221.94,219.9,218.76,217.14,220.89,218.21,215.86,216.5,222.11,217.94,219.89,219.71,218.58
solar radiation - ssp5 - 2081-2100 - mar - may,218.55,219.92,219.34,219.41,220.34,215.68,217.64,221.22,220.6,217.75,217.87,221.38,218.84,215.29,216.78,221.2,217.68,220.42,219.11,219.06
solar radiation - historical - oct - nov,173.31,174.74,175.09,172.65,172.43,170.99,175.62,173.55,180.64,170.87,175.78,173.31,176.12,172.64,174.61,173.79,172.02,177.68,173.13,177.26
solar radiation - ssp1 - 2021-2040 - oct - nov,170.56,171.79,172.25,169.3,169.66,168.32,173.49,170.72,178.59,167.85,173.91,170.31,173.55,170.3,172.73,170.85,169.4,174.95,170.23,174.96
solar radiation - ssp1 - 2041-2060 - oct - nov,171.72,173.6,174,170.26,171.24,169.36,174.89,172.11,180.14,169.11,175.4,172.19,175.22,171.35,174.04,172.15,170.82,176.64,171.59,176.52
solar radiation - ssp1 - 2061-2080 - oct - nov,172.83,175.47,175.81,171.01,172.68,170.56,176.54,173.3,182.08,170.07,177.36,174.04,177.08,172.73,175.76,173.23,172.13,178.41,172.73,178.3
solar radiation - ssp1 - 2081-2100 - oct - nov,173.94,176.35,176.77,172.12,173.4,171.66,177.51,174.13,183.02,171.13,178.24,174.79,178.05,173.75,176.65,174.14,173.17,179.39,173.8,179.27
solar radiation - ssp2 - 2021-2040 - oct - nov,169.13,168.87,169.44,168.15,167.5,166.9,171.21,169.03,175.56,166.53,170.82,167.32,170.68,168.73,170.38,169.33,167.62,172.27,168.65,172.29
solar radiation - ssp2 - 2041-2060 - oct - nov,169.01,169.38,169.99,167.54,167.44,166.88,171.95,168.73,176.79,166.08,172.29,167.73,171.46,169.02,171.41,168.96,167.74,172.84,168.49,173.12
solar radiation - ssp2 - 2061-2080 - oct - nov,170.88,172.59,173.11,168.83,170.07,168.58,174.37,170.99,179.59,168.06,174.94,170.95,174.51,170.79,173.67,171.01,170.11,175.86,170.68,175.92
solar radiation - ssp2 - 2081-2100 - oct - nov,171.82,174.1,174.53,169.68,171.44,169.49,175.5,172.16,180.86,168.99,176.08,172.57,175.87,171.66,174.65,172.06,171.16,177.22,171.68,177.18
solar radiation - ssp3 - 2021-2040 - oct - nov,169.01,168.25,168.86,168.08,167.2,166.77,170.91,168.83,174.94,166.43,170.14,166.71,170.08,168.55,170,169.17,167.43,171.74,168.51,171.78
solar radiation - ssp3 - 2041-2060 - oct - nov,167.24,166.42,167.01,165.84,165.36,165.15,169.56,166.92,173.71,164.35,169.11,164.91,168.43,167.19,168.92,167.17,165.66,169.93,166.51,170.32
solar radiation - ssp3 - 2061-2080 - oct - nov,166.91,166.54,167.26,164.94,164.95,164.78,169.67,166.39,174,163.86,169.35,164.78,168.77,166.92,168.99,166.61,165.62,170.23,166.29,170.59
solar radiation - ssp3 - 2081-2100 - oct - nov,166.81,166.75,167.5,164.24,164.79,164.75,170.05,166.1,174.52,163.5,169.94,164.9,169.11,167.08,169.46,166.24,165.7,170.5,166.14,170.97
solar radiation - ssp5 - 2021-2040 - oct - nov,170.17,170.16,170.76,168.83,168.58,167.95,172.7,170,177.17,167.42,172.47,168.57,172.1,169.93,171.94,170.24,168.82,173.61,169.69,173.75
solar radiation - ssp5 - 2041-2060 - oct - nov,170.3,171.28,171.79,168.26,169.28,168.08,173.56,170.34,178.38,167.4,173.69,169.75,173.18,170.25,172.81,170.36,169.3,174.58,169.9,174.79
solar radiation - ssp5 - 2061-2080 - oct - nov,168.66,170.47,170.97,165.89,167.94,166.53,172.74,168.7,177.95,165.53,173.4,168.87,172.51,169.02,172.2,168.56,168.01,173.78,168.31,174.1
solar radiation - ssp5 - 2081-2100 - oct - nov,167.6,170.52,171,164.15,167.39,165.45,172.24,167.79,177.72,164.34,173.12,168.85,172.47,168.07,171.65,167.46,167.34,173.73,167.43,173.86
solar radiation - historical - dec - feb,161.67,163.63,164.26,159.31,162.72,156.79,162.64,164.78,171.26,157.58,166.09,161.3,165.38,158.64,162.72,164.42,159.22,166.37,161,166.34
solar radiation - ssp1 - 2021-2040 - dec - feb,160.99,162.39,163.12,158.59,161.89,156.09,161.91,164.1,170.35,156.96,165.25,160.05,164.28,157.99,162.02,163.76,158.5,165.3,160.28,165.4
solar radiation - ssp1 - 2041-2060 - dec - feb,161.5,163.76,164.39,159.16,162.87,156.58,162.72,164.86,171.58,157.55,166.55,161.49,165.52,158.51,162.91,164.46,159.17,166.48,160.93,166.5
solar radiation - ssp1 - 2061-2080 - dec - feb,162.28,165.2,165.81,159.73,163.92,157.35,163.97,165.75,173.22,158.3,168.3,162.89,167.01,159.41,164.26,165.28,160.15,167.87,161.8,167.92
solar radiation - ssp1 - 2081-2100 - dec - feb,162.71,165.91,166.48,160.09,164.49,157.82,164.54,166.22,173.89,158.7,168.94,163.64,167.65,159.91,164.84,165.71,160.61,168.5,162.24,168.52
solar radiation - ssp2 - 2021-2040 - dec - feb,157.98,157.97,158.74,156.32,158.46,153.07,157.83,161.13,165.44,154.26,160.12,155.69,159.72,154.67,157.72,160.96,155.07,161,157.21,160.98
solar radiation - ssp2 - 2041-2060 - dec - feb,159.29,160.14,160.88,157.36,160.12,154.32,159.6,162.57,167.59,155.54,162.34,157.78,161.88,156.02,159.55,162.31,156.64,163.08,158.64,162.98
solar radiation - ssp2 - 2061-2080 - dec - feb,160.04,161.66,162.33,157.92,161.31,155.02,160.83,163.55,169.24,156.31,164.12,159.38,163.37,156.83,160.88,163.18,157.63,164.47,159.51,164.41
solar radiation - ssp2 - 2081-2100 - dec - feb,161.18,163.64,164.31,158.77,162.7,156.13,162.52,164.7,171.45,157.35,166.4,161.28,165.47,158.07,162.67,164.27,159.02,166.43,160.75,166.39
solar radiation - ssp3 - 2021-2040 - dec - feb,158.25,157.88,158.74,156.41,158.41,153.38,158.16,161.15,165.68,154.38,160.4,155.5,159.82,155.05,158.1,161.02,155.3,161.07,157.37,161.19
solar radiation - ssp3 - 2041-2060 - dec - feb,157.72,157.16,158.05,155.96,157.94,152.75,157.44,160.79,164.8,154.02,159.47,154.75,159.1,154.35,157.3,160.65,154.81,160.41,156.93,160.46
solar radiation - ssp3 - 2061-2080 - dec - feb,157.31,157.19,158.06,155.58,157.81,152.27,157.2,160.56,164.79,153.67,159.42,154.8,159.12,153.85,157,160.37,154.54,160.38,156.62,160.4
solar radiation - ssp3 - 2081-2100 - dec - feb,157.73,158.27,159.12,155.75,158.49,152.61,158.01,161.06,165.86,154.08,160.46,155.85,160.23,154.28,157.81,160.82,155.21,161.43,157.17,161.41
solar radiation - ssp5 - 2021-2040 - dec - feb,158.5,158.77,159.51,156.72,159.14,153.58,158.51,161.72,166.19,154.77,160.98,156.53,160.46,155.26,158.51,161.5,155.65,161.72,157.74,161.66
solar radiation - ssp5 - 2041-2060 - dec - feb,160.11,161.8,162.49,157.81,161.52,155.04,160.96,163.77,169.22,156.48,163.97,159.47,163.49,156.88,160.92,163.35,157.83,164.64,159.68,164.51
solar radiation - ssp5 - 2061-2080 - dec - feb,159.82,162.35,162.98,157.39,161.73,154.61,160.99,163.77,169.66,156.27,164.38,160.05,163.99,156.45,160.89,163.25,157.8,165.07,159.57,164.88
solar radiation - ssp5 - 2081-2100 - dec - feb,159.72,163.45,164.02,156.93,162.2,154.45,161.56,163.89,170.75,156.12,165.42,161.13,165.09,156.38,161.39,163.23,158.09,166.06,159.66,165.8
cooling degree days - historical - annual,0.18,623.53,859.46,0,90.18,0.68,332.12,0.01,1645.86,0.06,1043.22,1026.68,1320.61,2.57,124.9,0.01,2.49,826.06,6.86,964.13
cooling degree days - ssp1 - 2021-2040 - annual,0.69,766.14,1017.01,0,110.77,4.1,440.12,0.29,1889.31,0.82,1237.84,1206.91,1533.01,12.88,174.71,0.33,13.01,994.63,19.93,1126.52
cooling degree days - ssp1 - 2041-2060 - annual,1.19,872.81,1132.11,0,125.03,7.6,512.14,1.05,2056.39,1.98,1362.21,1337.6,1685.12,23.41,207.72,1.11,23.61,1113.49,31.64,1240.26
cooling degree days - ssp1 - 2061-2080 - annual,1.57,926.74,1186.78,0,133.45,11.06,564.95,1.7,2142.13,3.01,1432.79,1401.83,1763.82,32.99,231.78,1.71,32.58,1179.87,39.91,1308.11
cooling degree days - ssp1 - 2081-2100 - annual,1.37,896.19,1166.06,0,126.8,9.58,545.46,1.66,2104.62,2.63,1393.6,1358.5,1728.2,29.11,222.69,1.62,30.69,1157.25,37.99,1276.79
cooling degree days - ssp2 - 2021-2040 - annual,0.59,734.72,989.18,0,105.05,3.88,428.61,0.31,1864.41,0.71,1208.6,1166.45,1498.13,12.26,169.25,0.31,11.26,965.84,18.36,1100.36
cooling degree days - ssp2 - 2041-2060 - annual,1.36,895.56,1162.73,0,128.27,9.91,546.68,1.74,2109.87,3.22,1402.92,1372.4,1723.55,29.44,225.05,1.72,30.31,1153.28,39.08,1273.18
cooling degree days - ssp2 - 2061-2080 - annual,2.36,1028.63,1300.68,0,144.88,18.79,665.51,4.99,2341.6,7.18,1584.89,1529.98,1926.79,57.12,285.52,4.95,54.81,1305.28,62.64,1435.76
cooling degree days - ssp2 - 2081-2100 - annual,3.37,1143.69,1439.93,0,164.35,26.38,757.68,9.84,2501.64,12.78,1702.66,1673.34,2089.73,75.39,330.38,9.82,76.08,1452.7,87.41,1565.51
cooling degree days - ssp3 - 2021-2040 - annual,0.52,729.96,981.58,0,103.76,3.11,416.4,0.19,1847.87,0.58,1188.19,1158.43,1489.59,10.51,162.93,0.21,10.55,953.71,17.52,1089.65
cooling degree days - ssp3 - 2041-2060 - annual,1.57,900.2,1163.25,0,130.25,11.22,555.05,1.71,2106.55,3.47,1408.39,1372.74,1732.6,33.29,227.34,1.84,32.79,1159.16,41.36,1284.11
cooling degree days - ssp3 - 2061-2080 - annual,3.41,1128.17,1414.54,0,165.24,25.47,743.83,10.08,2470.45,14.3,1684.32,1657.94,2064.82,71.26,322.92,10.84,75.35,1429.85,86.14,1551.44
cooling degree days - ssp3 - 2081-2100 - annual,7.95,1409.04,1729.63,0.06,210.01,50.76,987.46,30.22,2889.59,43.13,2013.14,1975.67,2449.62,134.43,466.02,34.65,149.25,1764.01,164.59,1872
cooling degree days - ssp5 - 2021-2040 - annual,0.72,773.49,1027.17,0,112.36,4.73,450.38,0.35,1910.24,0.96,1250.3,1219.57,1551.57,14.89,178.54,0.38,13.87,1009.45,21.11,1141.93
cooling degree days - ssp5 - 2041-2060 - annual,2.51,1030.17,1303.58,0,149.4,19.37,656.22,4.99,2310.76,7.72,1565.59,1535.27,1911.87,55.01,280.98,5.33,52.03,1304.73,60.49,1429.37
cooling degree days - ssp5 - 2061-2080 - annual,7.86,1393.57,1696.77,0.05,209.27,49.37,964.06,26.35,2849.63,37.13,1991.92,1967.89,2411.03,129.85,451.13,30.04,134.68,1724.25,148.92,1839.92
cooling degree days - ssp5 - 2081-2100 - annual,26.97,1916.35,2251.67,1.33,331.36,107.55,1395.4,80.29,3567.43,122.53,2579.44,2558.27,3075.91,245.32,726.88,96.84,279.74,2304.23,307.97,2409.35
heating degree days - historical - annual,10123.1,2543.64,2380.72,12956.32,7159.16,9287.69,3240.72,8895.68,1171.5,7086.38,1988.92,2115.98,1477.35,7433.12,4772.52,8955.31,6582.6,2045.96,7395.6,2300.9
heating degree days - ssp1 - 2021-2040 - annual,9622.82,2270.3,2117.33,12410.83,6732.14,8791.7,2910.56,8433.49,982.31,6580.88,1754.17,1863.22,1271.97,6960.27,4359.73,8485.94,6138.18,1795.01,6910.95,2040.94
heating degree days - ssp1 - 2041-2060 - annual,9335.23,2073.33,1936.41,12115.38,6447.35,8500.95,2691.64,8148.6,857.16,6295.91,1589.13,1691.92,1134.36,6673.35,4103.24,8200.81,5861.66,1625.48,6632.13,1866.09
heating degree days - ssp1 - 2061-2080 - annual,9210.27,2011.21,1873.78,11999.2,6350.66,8383.15,2619.08,8046.62,824.6,6180.02,1539.16,1641.52,1086.89,6561.69,4007.42,8094.7,5747.9,1564.93,6517.08,1807.01
heating degree days - ssp1 - 2081-2100 - annual,9265.05,2047.18,1909.4,12072.52,6400.82,8435.7,2653.86,8095.45,847.32,6242.66,1568.9,1674.09,1113.24,6608.56,4041.08,8146.11,5794.96,1597.63,6581.52,1835.69
heating degree days - ssp2 - 2021-2040 - annual,9615.06,2275.69,2114.4,12396.26,6722.2,8776.05,2897.82,8409.4,987.43,6562.67,1759.48,1861.25,1275.02,6956.02,4365.36,8467.79,6133.74,1783.17,6904.32,2036.32
heating degree days - ssp2 - 2041-2060 - annual,9184.24,2009.68,1861.94,11943.96,6320.54,8357.76,2605.74,7985.48,819.67,6133.06,1542.2,1631.02,1082.19,6562.49,4007.85,8037.23,5730.61,1544.03,6493.25,1796.14
heating degree days - ssp2 - 2061-2080 - annual,8806.45,1802.75,1670.68,11551.36,5988.01,7970.77,2361.74,7623.8,690.66,5757.44,1364.15,1453.86,937.75,6185.89,3710.54,7669.02,5398.21,1366.86,6150.77,1608.45
heating degree days - ssp2 - 2081-2100 - annual,8534.51,1637.5,1515,11298.85,5712.94,7713.77,2172.25,7348.23,604.5,5490.72,1240.35,1319.22,828.89,5935.66,3472.55,7404.92,5124.48,1221.65,5886.1,1462.63
heating degree days - ssp3 - 2021-2040 - annual,9674.15,2303.19,2141.77,12452.79,6781.77,8840.32,2934.5,8475.99,1002.5,6623.6,1781.86,1886.93,1295.62,7019.7,4409.31,8529.9,6183.88,1809.05,6956.89,2059.04
heating degree days - ssp3 - 2041-2060 - annual,9150.1,2030.76,1879.28,11904.11,6333.8,8316.74,2605.92,7974.34,827.45,6111.55,1558.9,1647.93,1094.92,6524.48,4008.62,8018.51,5717.02,1558.7,6481.14,1805.31
heating degree days - ssp3 - 2061-2080 - annual,8505.63,1670.7,1546.4,11236.61,5742.56,7675.94,2200.39,7345.56,620.78,5479.36,1261.37,1337.72,845.68,5925.87,3511.77,7384.02,5147,1245.59,5897.54,1488.64
heating degree days - ssp3 - 2081-2100 - annual,7902.08,1369.75,1266.92,10585.05,5188.22,7095.23,1855.55,6761.21,450.8,4892.94,1007.8,1079.01,646.06,5390,3047.66,6795.91,4619.94,986.7,5364.3,1224.81
heating degree days - ssp5 - 2021-2040 - annual,9589.14,2263.85,2101.01,12377.64,6708.63,8745.67,2885.16,8395.73,973.99,6551.48,1747.21,1853.65,1265.48,6926.97,4350.57,8454.7,6110.45,1770.18,6882.95,2021.75
heating degree days - ssp5 - 2041-2060 - annual,8887.02,1857.24,1725.12,11624.75,6064.08,8050.14,2430.37,7710.84,726.65,5853.84,1409.42,1499.06,981.1,6269.34,3787.8,7761.91,5484.46,1417.49,6238.15,1662.41
heating degree days - ssp5 - 2061-2080 - annual,8043.87,1410.47,1306.09,10740.52,5294.9,7238.25,1919.34,6889.35,467.82,5025.27,1028.11,1117.7,670.1,5518.16,3139.93,6935.03,4726.04,1021.96,5475.03,1261.85
heating degree days - ssp5 - 2081-2100 - annual,7088.17,1012.13,941.27,9726.32,4466.56,6320.14,1411.94,5986.67,259.84,4143.53,697.58,782.84,418.65,4670.17,2478.42,6032.37,3924.14,684.88,4675.04,903.59
